id,text,number_in_text,number_of_gaps,word,lemma,pos,correct_guess,number_of_participants,predictability_type,dependency,head,correct_pos,sum_bigram,count_dependents_new,is_middle_new,with_empty,left_empty,pentagram,pentagram_poses,penta_count,penta_gap_count,tri_1_count,tri_1_gap_count,left_new,left_new_gap,tri_2_count,tri_2_gap_count,tri_3_count,tri_3_gap_count
1,1,1,43,повернулся,повернуться,v,12,47,local,ROOT,повернулся,45,2629,3,0,1,1,- Пилат повернулся и пошел,", NOUN, VERB, CCONJ, VERB",,,,,,,,,,
2,1,2,43,ступеням,ступень,n,9,47,global,obl,пошел,44,61,1,1,0,0,назад к ступеням не глядя,"ADV, ADP, NOUN, PART, VERB",10,24,926,2183,926,2183,305,859,1281,4618
3,1,3,43,шашек,шашка,n,5,47,global,conj,что,44,2,2,1,0,0,кроме разноцветных шашек настила под,"ADP, ADJ, NOUN, VERB, ADP",234,253,7132,8787,7132,8787,4275,5303,3686,10278
4,1,4,43,спиною,спина,n,38,47,local,nmod,него,45,691,2,1,0,0,него за спиною на помост,"PRON, ADP, NOUN, ADP, NOUN",27,44,725,1507,725,1507,2488,3611,7721,18094
5,1,5,43,финики,финик,n,4,47,global,conj,монеты,19,2,1,1,0,0,бронзовые монеты финики что в,"ADJ, NOUN, NOUN, SCONJ, ADP",4,37,4812,24666,4812,24666,257,1340,242,1003
6,1,6,43,чудо,чудо,n,26,47,global,obj,увидеть,35,294,1,1,0,0,своими глазами чудо как человек,"DET, NOUN, NOUN, SCONJ, NOUN",4,40,882,6495,882,6495,257,1340,457,1719
7,1,7,43,вырвался,вырваться,v,26,47,local,acl,чудо,42,783,1,1,0,0,руках смерти вырвался из этих,"NOUN, NOUN, VERB, ADP, DET",38,110,2860,18592,2860,18592,3686,9714,772,2908
8,1,8,43,веревки,веревка,n,16,47,global,obj,снимают,46,27,0,0,0,0,с него веревки невольно причиняя,"ADP, PRON, NOUN, ADV, VERB",14,95,629,4337,629,4337,91,1433,1845,5639
9,1,9,43,допросе,допрос,n,7,47,global,obl,вывихнутых,38,778,1,1,0,0,вывихнутых на допросе руках как,"VERB, ADP, NOUN, NOUN, SCONJ",29,108,5336,10578,5336,10578,5050,17274,257,1836
10,1,10,43,сумасшедшей,сумасшедший,adj,4,47,local,amod,улыбкой,42,6,0,0,0,0,улыбается бессмысленной сумасшедшей улыбкой Он,"VERB, ADJ, ADJ, NOUN, PRON",23,64,611,5181,611,5181,3287,9800,1243,3878
11,1,11,43,знал,знать,v,28,47,local,ROOT,знал,44,34374,3,0,0,1,улыбкой Он знал что в,"NOUN, PRON, VERB, SCONJ, ADP",6,7,1742,3979,,,375,543,342,1003
12,1,12,43,ступеням,ступень,n,5,47,global,obl,ведет,42,2,2,1,0,0,к боковым ступеням троих со,"ADP, ADJ, NOUN, NUM, ADP",11,13,7132,8787,7132,8787,230,343,107,502
13,1,13,43,дорогу,дорога,n,32,47,local,obl,выводить,46,6192,4,1,0,0,их на дорогу ведущую на,"PRON, ADP, NOUN, VERB, ADP",29,40,725,1507,725,1507,2141,3871,3686,10278
14,1,14,43,осужденных,осужденный,n,9,47,global,obj,видеть,21,6,1,1,0,0,в безопасности осужденных он видеть,"ADP, NOUN, VERB, PRON, VERB",11,226,2141,17846,2141,17846,680,3919,408,5688
15,1,15,43,глашатаев,глашатай,n,13,47,global,nmod,выкрики,38,3,1,1,0,0,пронзительные выкрики глашатаев повторявших одни,"ADJ, NOUN, NOUN, VERB, DET",25,139,4812,24666,4812,24666,2860,12699,517,1871
16,1,16,43,греческом,греческий,adj,14,47,global,amod,языках,41,300,0,0,0,0,другие на греческом языках все,"ADJ, ADP, ADJ, NOUN, DET",2,10,272,1292,272,1292,7132,17274,480,2100
17,1,17,43,труба,труба,n,9,47,global,conj,топот,37,87,1,1,0,0,топот и труба что-то коротко,"NOUN, CCONJ, NOUN, PRON, ADV",10,47,2964,7748,2964,7748,131,993,524,1946
18,1,18,43,весело,весело,adv,6,47,local,conj,коротко,45,4835,1,1,0,0,коротко и весело прокричавшая Этим,"ADV, CCONJ, ADV, VERB, DET",6,8,225,474,225,474,511,2086,272,1871
19,1,19,43,мальчишек,мальчишка,n,7,47,local,nmod,свист,35,102,1,1,0,0,сверлящий свист мальчишек с кровель,"VERB, NOUN, NOUN, ADP, NOUN",215,509,2502,10109,2502,10109,3000,9714,7721,18094
20,1,20,43,Солдат,солдат,n,8,47,global,nsubj,взмахнул,36,1,1,1,0,1,крики берегись Солдат одиноко стоявший,"NOUN, VERB, NOUN, ADV, VERB",27,101,3755,15002,,,442,2048,1845,5639
21,1,21,43,значком,значок,n,7,47,global,obl,стоявший,37,138,2,1,0,0,площади со значком в руке,"NOUN, ADP, NOUN, ADP, NOUN",450,607,7721,15708,7721,15708,2488,3611,7721,18094
22,1,22,43,остановились,остановиться,v,10,47,local,conj,взмахнул,34,1,3,1,0,0,и конвой остановились Кавалерийская ала,"CCONJ, NOUN, VERB, ADJ, VERB",0,17,521,3121,521,3121,1847,11452,92,1385
23,1,23,43,вылетела,вылететь,v,6,47,local,ROOT,вылетела,46,97,2,1,0,0,шире рыси вылетела на площадь,"ADJ, NOUN, VERB, ADP, NOUN",529,1164,4275,24666,4275,24666,3686,9714,5336,18094
24,1,24,43,каменной,каменный,adj,12,47,local,amod,стеной,38,369,0,0,0,0,переулку под каменной стеной по,"NOUN, ADP, ADJ, NOUN, ADP",301,768,3315,15708,3315,15708,7132,17274,4314,15197
25,1,25,43,виноград,виноград,n,7,47,local,nsubj,стлался,34,2,1,1,1,0,которой стлался виноград кратчайшей -,"PRON, VERB, NOUN, ADJ, ",,,,,1212,6245,,,,
26,1,26,43,дорогой,дорога,n,32,47,local,obl,проскакать,39,41,2,1,1,1,- кратчайшей дорогой проскакать к,", ADJ, NOUN, VERB, ADP",,,,,,,,,,
27,1,27,43,мальчик,мальчик,n,5,47,local,obl,маленький,33,471,1,1,0,0,маленький как мальчик темный как,"ADJ, SCONJ, NOUN, ADJ, SCONJ",0,3,141,573,141,573,197,963,75,512
28,1,28,43,командир,командир,n,9,47,global,nsubj,выкрикнул,24,3,2,1,0,0,как мулат командир алы сириец,"SCONJ, NOUN, NOUN, NOUN, NOUN",11,94,360,1791,360,1791,4363,30344,4363,20620
29,1,29,43,выхватил,выхватить,v,16,47,local,conj,выкрикнул,45,751,2,1,0,0,выкрикнул и выхватил из ножен,"VERB, CCONJ, VERB, ADP, NOUN",54,83,509,1364,509,1364,459,1569,5336,18094
30,1,30,43,взмокшая,взмокнуть,v,6,47,local,amod,лошадь,13,2,0,0,1,0,Злая вороная взмокшая лошадь -,"ADJ, ADJ, ADJ, NOUN, ",,,,,412,4160,,,,
31,1,31,43,шарахнулась,шарахнуться,v,6,47,local,ROOT,шарахнулась,25,19,3,0,1,1,- лошадь шарахнулась поднялась на,", NOUN, VERB, VERB, ADP",,,,,,,,,,
32,1,32,43,командир,командир,n,7,47,global,nsubj,ударил,32,4,0,0,0,0,в ножны командир ударил плетью,"ADP, NOUN, NOUN, VERB, ADJ",84,257,5050,17846,5050,17846,2860,12699,1847,5220
33,1,33,43,шее,шея,n,7,47,local,nmod,лошадь,42,1307,1,1,0,0,лошадь по шее выровнял ее,"NOUN, ADP, NOUN, VERB, PRON",39,53,7721,15708,7721,15708,2141,3871,680,2396
34,1,34,43,полетели,полететь,v,6,47,local,ROOT,полетели,42,2,7,0,0,0,в ряд полетели всадники в,"ADP, NOUN, VERB, NOUN, ADP",106,924,2141,17846,2141,17846,3755,30344,2218,15197
35,1,35,43,туче,туча,n,6,47,local,obl,полетели,31,107,2,1,0,0,всадники в туче пыли запрыгали,"NOUN, ADP, NOUN, NOUN, VERB",238,898,7721,15708,7721,15708,5050,17274,2860,14520
36,1,36,43,пик,пика,n,7,47,global,nmod,кончики,42,2,2,1,0,0,легких бамбуковых пик мимо прокуратора,"ADJ, ADJ, NOUN, ADV, NOUN",9,10,3287,4160,3287,4160,1436,1916,299,1207
37,1,37,43,весело,весело,adv,6,47,local,advmod,оскаленными,19,31,0,0,1,0,лица с весело оскаленными -,"NOUN, ADP, ADV, VERB, ",,,,,127,15708,,,,
38,1,38,43,сверкающими,сверкать,v,8,47,local,conj,оскаленными,12,10,0,0,1,1,- оскаленными сверкающими зубами Поднимая,", VERB, VERB, NOUN, VERB",,,,,,,,,,
39,1,39,43,солдат,солдат,n,6,47,global,nsubj,проскакал,32,1213,1,1,0,0,последним проскакал солдат с пылающей,"ADJ, VERB, NOUN, ADP, VERB",1,2,424,1422,424,1422,2218,5140,227,541
40,1,40,43,трубою,труба,n,6,47,global,nmod,солдат,29,2,3,1,0,0,на солнце трубою за спиной,"ADP, NOUN, NOUN, ADP, NOUN",382,884,5050,17846,5050,17846,3000,9714,7721,18094
41,1,41,43,морща,морщить,v,24,47,local,conj,закрываясь,43,18,2,1,0,0,и недовольно морща лицо Пилат,"CCONJ, ADV, NOUN, NOUN, PROPN",0,8,115,1695,115,1695,279,5138,1454,5829
42,1,42,43,двинулся,двинуться,v,11,47,local,ROOT,двинулся,44,340,6,0,0,0,лицо Пилат двинулся дальше устремляясь,"NOUN, PROPN, VERB, ADV, VERB",6,73,881,5429,881,5429,160,620,447,5639
43,1,43,43,двинулся,двинуться,v,9,47,local,conj,двинулся,38,19,3,1,0,0,за ним двинулся легат секретарь,"ADP, PRON, VERB, NOUN, NOUN",67,188,1046,4337,1046,4337,1212,3630,2502,20620
44,2,1,40,пустому,пустой,adj,9,48,local,amod,коридору,29,372,1,1,0,0,повели по пустому и беззвучному,"VERB, ADP, ADJ, CCONJ, ADJ",37,62,2170,10578,2170,10578,184,1881,881,2160
45,2,2,40,коридору,коридор,n,38,48,local,obl,повели,48,521,2,1,0,0,и беззвучному коридору и привели,"CCONJ, ADJ, NOUN, CCONJ, VERB",10,13,1593,2190,1593,2190,2247,2552,1115,1987
46,2,3,40,здании,здание,n,5,48,local,obl,есть,48,86,2,1,0,0,диво оборудованном здании с иронией,"PROPN, VERB, NOUN, ADP, NOUN",89,165,630,2798,630,2798,2218,5140,7721,18094
47,2,4,40,стеклянные,стеклянный,adj,5,48,global,amod,шкафики,41,87,0,0,0,0,шкафы и стеклянные шкафики с,"NOUN, CCONJ, ADJ, NOUN, ADP",85,291,943,7748,943,7748,1593,4166,4314,15197
48,2,5,40,инструментами,инструмент,n,8,48,global,nmod,шкафики,47,6,3,1,1,0,блестящими никелированными инструментами Были -,"VERB, VERB, NOUN, VERB, ",,,,,1058,3766,,,,
49,2,6,40,кресла,кресло,n,5,48,local,nsubj,Были,40,16,3,1,1,1,- Были кресла необыкновенно сложного,", VERB, NOUN, ADV, ADJ",,,,,,,,,,
50,2,7,40,колпаками,колпак,n,5,48,local,nmod,лампы,45,2,2,1,0,0,с сияющими колпаками множество склянок,"ADP, VERB, NOUN, NOUN, NOUN",14,52,332,581,332,581,2502,16511,4363,20620
51,2,8,40,провода,провод,n,5,48,local,conj,кресла,45,305,2,1,0,0,и электрические провода и совершенно,"CCONJ, ADJ, NOUN, CCONJ, ADV",8,8,1593,2190,1593,2190,2247,2552,596,1287
52,2,9,40,принялись,приняться,v,5,48,local,ROOT,принялись,46,4,4,0,0,0,за Ивана принялись трое две,"ADP, PROPN, VERB, NUM, NUM",2,10,414,2461,414,2461,77,360,22,370
53,2,10,40,столик,столик,n,4,48,local,obl,отвели,46,1018,2,1,0,0,уголок за столик с явною,"NOUN, ADP, NOUN, ADP, ADJ",218,301,7721,15708,7721,15708,2488,3611,3315,8029
54,2,11,40,обдумывать,обдумывать,v,16,48,local,ROOT,обдумывать,43,106,1,1,0,0,Иван стал обдумывать положение Перед,"PROPN, VERB, VERB, NOUN, ADP",22,233,223,2798,223,2798,1058,16511,2218,15197
55,2,12,40,соблазнял,соблазнять,v,5,48,global,ROOT,соблазнял,14,2,3,0,0,1,пути Чрезвычайно соблазнял первый кинуться,"NOUN, ADV, VERB, ADJ, VERB",2,18,1845,4892,,,752,2348,92,1385
56,2,13,40,замысловатые,замысловатый,adj,5,48,global,amod,вещицы,31,38,0,0,0,0,лампы и замысловатые вещицы и,"NOUN, CCONJ, VERB, NOUN, CCONJ",13,125,1115,7748,1115,7748,475,4166,836,7650
57,2,14,40,задержан,задержать,v,6,48,global,acl,то,30,37,3,1,0,0,что он задержан зря Но,"SCONJ, PRON, VERB, ADV, CCONJ",1,3,455,1041,455,1041,530,1433,129,456
58,2,15,40,сегодняшний,сегодняшний,adj,6,48,global,amod,Иван,42,33,0,0,0,1,зря Но сегодняшний Иван уже,"ADV, CCONJ, ADJ, PROPN, ADV",0,0,17,474,,,27,470,31,729
59,2,16,40,вчерашнего,вчерашний,adj,6,48,global,amod,Ивана,42,88,0,0,0,0,от Ивана вчерашнего и первый,"ADP, PROPN, ADJ, CCONJ, ADJ",5,13,193,2461,193,2461,26,511,881,2160
60,2,17,40,сомнительным,сомнительный,adj,7,48,local,xcomp,показался,42,6,1,1,0,0,показался ему сомнительным чего доброго,"VERB, PRON, ADJ, PRON, ADJ",0,12,275,2430,275,2430,44,1048,29,1368
61,2,18,40,сумасшедший,сумасшедший,n,11,48,global,acl,мысли,33,3,3,1,0,0,он буйный сумасшедший Поэтому первый,"PRON, ADJ, NOUN, ADV, ADJ",5,7,612,1391,612,1391,1436,1916,574,2503
62,2,19,40,повествование,повествование,n,2,48,local,obj,начать,16,326,1,1,0,0,немедленно начать повествование о консультанте,"ADV, VERB, NOUN, ADP, NOUN",158,319,1498,5712,1498,5712,2218,5140,7721,18094
63,2,20,40,вчерашний,вчерашний,adj,5,48,global,amod,опыт,43,10,0,0,0,1,Пилате Однако вчерашний опыт показал,"PROPN, ADV, ADJ, NOUN, VERB",4,21,71,784,,,1323,5138,4275,14520
64,2,21,40,извращенно,извращенно,adv,4,48,local,advmod,понимают,39,3,1,1,0,0,его как-то извращенно Поэтому Иван,"PRON, ADV, ADV, ADV, PROPN",0,0,221,2173,221,2173,176,1265,12,114
65,2,22,40,замкнуться,замкнуться,v,6,48,local,parataxis,третий,41,89,1,1,0,0,избрать третий замкнуться в гордом,"VERB, ADJ, VERB, ADP, ADJ",1,185,92,5181,92,5181,301,5124,2170,8029
66,2,23,40,осуществить,осуществить,v,9,48,local,csubj,удалось,42,63,1,1,0,0,Полностью этого осуществить не удалось,"NOUN, PRON, VERB, PART, VERB",14,113,1742,3979,1742,3979,244,1045,285,4618
67,2,24,40,вопросов,вопрос,n,44,48,local,nmod,ряд,46,1839,0,0,0,0,целый ряд вопросов И у,"ADJ, NOUN, NOUN, CCONJ, ADP",25,42,4812,24666,4812,24666,1928,3171,689,1079
68,2,25,40,выспросили,выспросить,v,6,48,local,ROOT,выспросили,41,2,4,0,0,0,у Ивана выспросили решительно все,"ADP, PROPN, VERB, ADV, PRON",0,4,414,2461,414,2461,160,620,124,826
69,2,26,40,жизни,жизнь,n,43,48,local,nmod,все,46,733,3,1,0,0,его прошлой жизни вплоть до,"DET, ADJ, NOUN, ADV, ADP",10,10,1305,1572,1305,1572,1436,1916,441,1635
70,2,27,40,страницу,страница,n,23,48,local,obj,Исписав,47,102,1,1,0,0,Иваном целую страницу перевернули ее,"PROPN, ADJ, NOUN, VERB, PRON",1,3,484,796,484,796,4275,5303,680,2396
71,2,28,40,родственниках,родственник,n,7,48,local,nmod,расспросам,45,78,2,1,0,0,расспросам о родственниках Ивана Началась,"NOUN, ADP, NOUN, PROPN, VERB",65,112,7721,15708,7721,15708,1173,1789,881,2642
72,2,29,40,умер,умереть,v,9,48,local,parataxis,Началась,25,338,4,1,0,0,канитель кто умер когда да,"NOUN, PRON, VERB, SCONJ, PART",3,3,1742,3979,1742,3979,375,543,99,433
73,2,30,40,пил,пить,v,7,48,local,conj,умер,37,1868,4,1,0,0,отчего не пил ли не,"ADV, PART, VERB, PART, PART",1,2,859,1903,859,1903,175,553,146,843
74,2,31,40,вчерашнем,вчерашний,adj,7,48,global,amod,происшествии,38,619,0,0,0,0,рассказать о вчерашнем происшествии на,"VERB, ADP, ADJ, NOUN, ADP",281,681,2170,10578,2170,10578,7132,17274,4314,15197
75,2,32,40,удивлялись,удивляться,v,5,48,local,conj,попросили,43,112,4,1,0,0,Пилате не удивлялись Тут женщина,"PART, PART, VERB, ADV, NOUN",2,2,306,922,306,922,270,670,329,1207
76,2,33,40,уступила,уступить,v,4,48,local,ROOT,уступила,46,4,6,0,0,0,Тут женщина уступила Ивана мужчине,"ADV, NOUN, VERB, PROPN, NOUN",0,4,361,1468,361,1468,359,5636,132,1422
77,2,34,40,пульс,пульс,n,34,48,global,obj,посчитал,42,20,0,0,0,0,тела посчитал пульс посмотрел Ивану,"NOUN, VERB, NOUN, VERB, PROPN",8,18,3755,15002,3755,15002,1115,3757,359,982
78,2,35,40,глаза,глаз,n,40,48,local,nmod,Ивану,47,23393,1,1,0,0,Ивану в глаза светя в,"PROPN, ADP, NOUN, SCONJ, ADP",1,4,851,1861,851,1861,283,1002,242,1003
79,2,36,40,помощь,помощь,n,11,48,local,obl,пришла,47,9799,2,1,0,0,Затем на помощь мужчине пришла,"ADV, ADP, NOUN, NOUN, VERB",39,189,926,2183,926,2183,5050,17274,2860,14520
80,2,37,40,спину,спина,n,9,48,local,nmod,Ивана,42,3929,1,1,0,0,чем-то в спину рисовали у,"PRON, ADP, NOUN, VERB, ADP",29,40,725,1507,725,1507,2141,3871,3686,10278
81,2,38,40,коже,кожа,n,7,48,local,nmod,него,15,588,2,1,0,0,знаки на коже груди стучали,"NOUN, ADP, NOUN, NOUN, VERB",238,898,7721,15708,7721,15708,5050,17274,2860,14520
82,2,39,40,подпрыгивали,подпрыгивать,v,8,48,local,parataxis,стучали,46,2,2,1,0,0,ноги Ивана подпрыгивали кололи палец,"NOUN, PROPN, VERB, VERB, NOUN",18,181,881,5429,881,5429,223,2264,1058,11138
83,2,40,40,резиновые,резиновый,adj,6,48,local,amod,браслеты,42,10,0,0,1,0,руки какие-то резиновые браслеты -,"NOUN, DET, ADJ, NOUN, ",,,,,329,2236,,,,
84,3,1,35,молитва,молитва,n,4,47,local,nsubj,может,34,20,0,0,0,0,что дальше молитва может перейти,"SCONJ, ADV, NOUN, VERB, VERB",2,8,50,563,50,563,361,3504,1213,3846
85,3,2,35,бога,бог,n,3,47,local,obj,оскорбить,32,1169,0,0,0,0,побоялся оскорбить бога в минуту,"VERB, VERB, NOUN, ADP, NOUN",108,213,1058,3766,1058,3766,2218,5140,7721,18094
86,3,3,35,милосердии,милосердие,n,1,47,local,conj,сострадании,45,36,1,1,0,0,сострадании и милосердии Сама мысль,"NOUN, CCONJ, NOUN, ADJ, NOUN",214,656,2964,7748,2964,7748,383,1773,7699,29133
87,3,4,35,угрозы,угроза,n,2,47,local,nmod,тень,48,19,0,0,0,0,даже тень угрозы он снова,"PART, NOUN, NOUN, PRON, ADV",1,4,278,1284,278,1284,645,3919,524,1946
88,3,5,35,расположенной,расположенный,adj,3,47,local,amod,Ариции,8,266,1,1,0,0,стены Ариции расположенной на полпути,"NOUN, PROPN, ADJ, ADP, NOUN",5,279,262,5429,262,5429,31,1616,586,18094
89,3,6,35,время,время,n,42,47,local,obl,промчался,47,10231,2,1,0,0,Через какое-то время он промчался,"ADP, DET, NOUN, PRON, VERB",90,101,2681,3552,2681,3552,405,544,1742,5688
90,3,7,35,города,город,n,13,47,local,nmod,роще,42,215,1,1,0,0,роще около города Здесь видимо,"NOUN, ADP, NOUN, ADV, ADV",20,39,7721,15708,7721,15708,712,1450,426,1752
91,3,8,35,движение,движение,n,2,47,local,nsubj,было,43,13,1,1,0,0,было необычное движение Пролетая мимо,"VERB, ADJ, NOUN, VERB, ADV",19,22,3931,5181,3931,5181,4275,5303,1099,3082
92,3,9,35,колоннами,колонна,n,22,47,local,conj,ступенях,36,129,3,1,0,0,и между колоннами группы людей,"CCONJ, ADP, NOUN, NOUN, NOUN",20,95,552,1405,552,1405,5050,17274,4363,20620
93,3,10,35,защиту,защита,n,7,47,local,obl,тянущихся,44,509,2,1,0,0,тянущихся под защиту божества Дорога,"VERB, ADP, NOUN, NOUN, NOUN",258,803,5336,10578,5336,10578,5050,17274,4363,20620
94,3,11,35,направлялось,направляться,v,2,47,global,ROOT,направлялось,45,15,5,0,0,0,Множество людей направлялось в рощу,"NOUN, NOUN, VERB, ADP, NOUN",384,879,2860,18592,2860,18592,3686,9714,5336,18094
95,3,12,35,тропинками,тропинка,n,7,47,local,obl,направлялось,45,0,1,1,0,0,рощу боковыми тропинками но и,"NOUN, ADJ, NOUN, CCONJ, PART",46,48,7699,10661,7699,10661,2247,2552,578,937
96,3,13,35,кучки,кучка,n,1,47,global,nsubj,толпились,43,1,2,1,0,0,толпились встревоженные кучки поспешно расступавшиеся,"VERB, VERB, NOUN, ADV, VERB",9,32,1058,3766,1058,3766,442,2048,1845,5639
97,3,14,35,города,город,n,8,47,global,obl,доносился,43,7246,1,1,0,1,всадником Из города доносился гул,"NOUN, ADP, NOUN, VERB, NOUN",239,455,7721,15708,,,2141,3871,3755,11138
98,3,15,35,город,город,n,10,47,global,obl,ворвался,43,18901,1,1,0,0,ворвался в город сбил с,"VERB, ADP, NOUN, VERB, ADP",98,125,5336,10578,5336,10578,2141,3871,3686,10278
99,3,16,35,оглушили,оглушить,v,15,47,local,ROOT,оглушили,36,10,5,0,0,0,сразу его оглушили крики Рим,"ADV, PRON, VERB, NOUN, NOUN",14,28,547,1193,547,1193,1212,3630,2502,20620
100,3,17,35,Город,город,n,19,47,global,nsubj,огне,42,2558,0,0,0,1,Рим горит Город в огне,"NOUN, VERB, NOUN, ADP, NOUN",382,792,3755,15002,,,2218,5140,7721,18094
101,3,18,35,Боги,бог,n,11,47,global,vocative,спасите,26,1,2,0,0,1,в огне Боги спасите Рим,"ADP, NOUN, NOUN, VERB, PROPN",13,40,5050,17846,,,2860,12699,359,982
102,3,19,35,мощной,мощный,adj,1,47,local,amod,рукой,42,30,0,0,0,0,и удерживаемый мощной рукой осел,"CCONJ, VERB, ADJ, NOUN, VERB",21,67,222,2061,222,2061,3931,16511,4275,14520
103,3,20,35,постоялым,постоялый,adj,9,47,local,amod,двором,37,39,0,0,0,0,ноги перед постоялым двором где,"NOUN, ADP, ADJ, NOUN, ADV",129,291,3315,15708,3315,15708,7132,17274,1436,4774
104,3,21,35,господина,господин,n,10,47,local,nmod,приезда,42,5,6,0,0,0,ожидая приезда господина стояли у,"ADJ, NOUN, ADJ, VERB, ADP",24,797,2437,24666,2437,24666,435,12699,301,10278
105,3,22,35,приказанию,приказание,n,3,47,local,obl,бросились,45,224,2,1,0,0,по его приказанию бросились наперегонки,"ADP, DET, NOUN, VERB, ADV",46,52,2681,3552,2681,3552,1515,1846,1099,3082
106,3,23,35,конных,конный,adj,6,47,global,amod,преторианцев,21,5,0,0,0,0,из десяти конных преторианцев видимо,"ADP, NUM, ADJ, NOUN, ADV",6,27,126,1724,126,1724,407,1780,1436,4774
107,3,24,35,направлявшихся,направляться,v,2,47,local,acl,преторианцев,38,1,7,0,0,0,преторианцев видимо направлявшихся с вестями,"NOUN, ADV, VERB, ADP, NOUN",226,319,1845,4892,1845,4892,1257,2286,5336,18094
108,3,25,35,города,город,n,5,47,global,obl,направлявшихся,37,10342,2,1,0,0,вестями из города в Анций,"NOUN, ADP, NOUN, ADP, PROPN",86,121,7721,15708,7721,15708,2488,3611,1347,2727
109,3,26,35,спрашивать,спрашивать,v,9,47,local,xcomp,начал,36,124,0,0,0,0,ним начал спрашивать Какая часть,"PRON, VERB, VERB, DET, NOUN",32,193,755,6245,755,6245,200,1685,1339,6893
110,3,27,35,города,город,n,12,47,global,nmod,часть,46,702,0,0,0,0,Какая часть города горит Пожар,"DET, NOUN, NOUN, VERB, NOUN",36,265,882,6495,882,6495,2860,12699,3755,11138
111,3,28,35,господин,господин,n,14,47,local,vocative,начался,24,0,0,0,0,1,горит Пожар господин начался в,"VERB, NOUN, NOUN, VERB, ADP",53,225,2502,10109,,,2860,12699,3686,10278
112,3,29,35,Большого,большой,adj,5,47,local,amod,Цирка,26,127,0,0,0,0,лавках возле Большого Цирка Когда,"NOUN, ADP, PROPN, PROPN, SCONJ",1,7,1347,15708,1347,15708,296,1789,22,172
113,3,30,35,города,город,n,23,47,global,nmod,центр,40,1387,0,0,0,0,был центр города А Заречье,"AUX, NOUN, NOUN, CCONJ, PROPN",0,0,69,312,69,312,1928,3171,106,626
114,3,31,35,пламя,пламя,n,29,47,global,nsubj,дошло,39,13,0,0,0,1,Заречье Туда пламя еще не,"PROPN, ADV, NOUN, ADV, PART",0,1,29,784,,,90,1265,525,1670
115,3,32,35,новые,новый,adj,4,47,local,amod,кварталы,42,31,0,0,0,0,силой сметает новые кварталы Люди,"NOUN, VERB, ADJ, NOUN, NOUN",259,1272,1847,15002,1847,15002,3931,16511,4812,20620
116,3,33,35,дыма,дым,n,29,47,local,conj,огня,44,660,2,1,0,0,и от дыма любое спасение,"CCONJ, ADP, NOUN, DET, NOUN",25,32,552,1405,552,1405,561,799,1431,6893
117,3,34,35,подвели,подвести,v,13,47,local,ROOT,подвели,47,1,4,0,0,0,миг Виницию подвели нового коня,"NOUN, PROPN, VERB, ADJ, NOUN",75,368,881,5429,881,5429,344,1503,3931,29133
118,3,35,35,вскочил,вскочить,v,25,47,local,ROOT,вскочил,47,2081,4,0,0,0,Молодой трибун вскочил на него,"ADJ, NOUN, VERB, ADP, PRON",107,253,4275,24666,4275,24666,3686,9714,1023,3818
119,4,1,44,появлялся,появляться,v,16,66,local,ROOT,появлялся,64,922,5,0,0,0,долго не появлялся Виниций уже,"ADV, PART, VERB, NOUN, ADV",3,17,859,1903,859,1903,751,2905,442,4774
120,4,2,44,думать,думать,v,8,66,local,ccomp,знал,63,404,1,1,0,0,знал что думать Напрасно он,"VERB, SCONJ, VERB, ADV, PRON",0,4,234,2225,234,2225,76,482,124,826
121,4,3,44,не торопясь,торопиться,v,4,66,local,advcl,вести,5,0,1,1,0,0,надо вести не_торопясь Пылкая его,"ADV, VERB, VERB, ADJ, DET",0,1,436,5712,436,5712,414,6240,17,183
122,4,4,44,кровь,кровь,n,5,66,local,nsubj,противились,58,294,3,1,0,0,Пылкая его кровь порывистая натура,"ADJ, DET, NOUN, ADJ, NOUN",2,7,128,193,128,193,526,993,7699,29133
123,4,5,44,разума,разум,n,51,66,local,nmod,голосу,57,32,0,0,0,0,противились голосу разума Хождение по,"VERB, NOUN, NOUN, NOUN, ADP",89,548,2502,10109,2502,10109,4363,30344,3000,15197
124,4,6,44,городским,городской,adj,8,66,global,amod,закоулкам,51,275,0,0,0,0,Хождение по городским закоулкам в,"NOUN, ADP, ADJ, NOUN, ADP",301,768,3315,15708,3315,15708,7132,17274,4314,15197
125,4,7,44,раба,раб,n,4,66,global,nmod,плаще,37,1,0,0,0,0,темном плаще раба было явно,"ADJ, NOUN, NOUN, AUX, ADV",5,29,4812,24666,4812,24666,222,995,155,431
126,4,8,44,бывалые,бывалый,adj,7,66,global,amod,люди,43,49,0,0,0,0,его люди бывалые вели по,"DET, NOUN, ADJ, VERB, ADP",13,275,526,6495,526,6495,435,12699,301,10278
127,4,9,44,дельными,дельный,adj,6,66,global,xcomp,оказывались,50,0,1,1,0,0,куда менее дельными чем Хилон,"ADV, ADV, ADJ, SCONJ, PROPN",0,2,218,1850,218,1850,157,632,14,259
128,4,10,44,любовью,любовь,n,17,66,global,obl,азарт,43,4958,1,1,0,0,вместе с любовью к Лигии,"ADV, ADP, NOUN, ADP, PROPN",7,12,926,2183,926,2183,2488,3611,1347,2727
129,4,11,44,жаждущего,жаждать,v,6,66,global,acl,игрока,24,1,1,1,0,0,азарт игрока жаждущего выиграть С,"NOUN, NOUN, VERB, VERB, ADP",45,561,2860,18592,2860,18592,1213,12699,805,10278
130,4,12,44,юных,юный,adj,6,66,local,amod,лет,48,971,0,0,0,1,выиграть С юных лет он,"VERB, ADP, ADJ, NOUN, PRON",72,160,2170,10578,,,7132,17274,1243,3878
131,4,13,44,понимающего,понимать,v,12,66,global,acl,человека,59,146,2,1,0,0,человека не понимающего что его,"NOUN, PART, VERB, SCONJ, PRON",5,7,1281,2488,1281,2488,198,412,303,940
132,4,14,44,отказаться,отказаться,v,41,66,local,csubj,придется,61,9,1,1,1,0,от чего-то отказаться Правда -,"ADP, PRON, VERB, ADV, ",,,,,1046,4337,,,,
133,4,15,44,военная,военный,adj,6,66,global,amod,дисциплина,57,64,0,0,1,1,- Правда военная дисциплина на,", ADV, ADJ, NOUN, ADP",,,,,,,,,,
134,4,16,44,своеволие,своеволие,n,3,66,global,obj,усмирила,65,6,1,1,0,0,усмирила его своеволие но заодно,"VERB, PRON, NOUN, CCONJ, ADV",2,17,349,2430,349,2430,107,452,596,1287
135,4,17,44,приказ,приказ,n,45,66,-,nsubj,исполнен,62,7,2,1,0,0,что всякий приказ нижестоящим должен,"SCONJ, DET, NOUN, ADJ, ADJ",2,3,215,345,215,345,526,993,1109,4031
136,4,18,44,пребывание,пребывание,n,26,66,global,nsubj,укрепило,64,503,5,1,0,0,а долгое пребывание на Востоке,"CCONJ, ADJ, NOUN, ADP, PROPN",15,16,1593,2190,1593,2190,4314,5124,1347,2727
137,4,19,44,покорности,покорность,n,7,66,global,obl,привычных,65,29,2,1,0,0,к рабской покорности лишь укрепило,"ADP, ADJ, NOUN, PART, VERB",75,80,7132,8787,7132,8787,638,1017,1281,4618
138,4,20,44,пределов,предел,n,9,66,local,nsubj,нет,63,91,0,0,0,0,хочу нет пределов Поэтому тяжко,"NOUN, VERB, NOUN, ADV, ADV",11,71,3755,15002,3755,15002,442,2048,426,1752
139,4,21,44,страдало,страдать,v,20,66,global,ROOT,страдало,52,0,5,0,0,0,Поэтому тяжко страдало теперь и,"ADV, ADV, VERB, ADV, CCONJ",2,5,672,1850,672,1850,282,1265,129,456
140,4,22,44,бегстве,бегство,n,4,66,global,conj,препятствиях,50,2,3,1,0,0,в самом бегстве Лигии было,"ADP, ADJ, NOUN, PROPN, AUX",2,3,7132,8787,7132,8787,1678,1955,71,210
141,4,23,44,загадка,загадка,n,35,66,global,appos,нечто,63,37,2,1,0,0,непонятное какая-то загадка над которой,"ADJ, DET, NOUN, ADP, PRON",1,1,128,193,128,193,989,1144,1297,3818
142,4,24,44,ломал,ломать,v,54,66,local,acl,загадка,63,128,5,1,0,0,он мучительно ломал себе голову,"PRON, ADV, VERB, PRON, NOUN",6,8,926,2173,926,2173,289,1083,349,1631
143,4,25,44,правду,правда,n,33,66,local,obj,сказала,46,1505,0,0,0,0,Акта сказала правду и что,"PROPN, VERB, NOUN, CCONJ, SCONJ",0,0,630,2798,630,2798,836,1438,73,138
144,4,26,44,безразличен,безразличный,adj,17,66,global,conj,сказала,5,52,6,1,0,0,не был безразличен Но если,"PART, AUX, ADJ, CCONJ, SCONJ",0,0,33,276,33,276,59,161,11,138
145,4,27,44,любви,любовь,n,16,66,-,iobj,предпочла,59,763,1,1,1,0,нищету его любви его -,"NOUN, DET, NOUN, DET, ",,,,,1431,2236,,,,
146,4,28,44,ласкам,ласка,n,7,66,global,conj,любви,55,25,1,1,1,1,- его ласкам пребыванию в,", DET, NOUN, NOUN, ADP",,,,,,,,,,
147,4,29,44,роскошном,роскошный,adj,11,66,global,amod,доме,57,42,0,0,0,0,в его роскошном доме Ответа,"ADP, DET, ADJ, NOUN, NOUN",51,161,431,3552,431,3552,1305,2858,4812,20620
148,4,30,44,вопрос,вопрос,n,63,66,local,nmod,Ответа,63,12096,2,1,0,0,на этот вопрос он не,"ADP, DET, NOUN, PRON, PART",17,21,2681,3552,2681,3552,405,544,375,1572
149,4,31,44,ощущать,ощущать,v,5,66,local,xcomp,начинал,64,119,2,1,0,0,начинал смутно ощущать что между,"VERB, ADV, VERB, SCONJ, ADP",3,13,447,2993,447,2993,294,632,342,1003
150,4,32,44,пропасть,пропасть,n,23,66,local,obl,глубокое,63,66,2,1,0,0,глубокое как пропасть которую ему,"ADJ, SCONJ, NOUN, PRON, PRON",0,2,141,573,141,573,55,477,196,957
151,4,33,44,потеряет,потерять,v,13,66,local,ccomp,казалось,61,33,3,1,0,0,он Лигию потеряет и при,"PRON, PROPN, VERB, CCONJ, ADP",0,0,48,135,48,135,40,511,120,1079
152,4,34,44,хладнокровия,хладнокровие,n,7,66,global,nmod,остатки,64,2,0,0,0,0,те остатки хладнокровия которые пытался,"DET, NOUN, NOUN, PRON, VERB",12,119,882,6495,882,6495,645,3919,1742,5688
153,4,35,44,любит,любить,v,56,66,global,xcomp,знал,59,423,2,1,0,0,не знал любит он Лигию,"PART, VERB, VERB, PRON, PROPN",1,3,545,3928,545,3928,239,2530,37,150
154,4,36,44,понимал,понимать,v,19,66,local,conj,знал,51,42,2,1,0,0,ненавидит а понимал лишь то,"VERB, CCONJ, VERB, PART, PRON",0,1,509,1364,509,1364,75,751,87,440
155,4,37,44,найти,найти,v,15,66,global,xcomp,должен,60,1670,1,1,0,0,должен ее найти и предпочел,"ADJ, PRON, VERB, CCONJ, VERB",0,0,129,378,129,378,207,452,509,1987
156,4,38,44,воображении,воображение,n,21,66,global,obl,видел,52,1475,1,1,0,1,ею В воображении своем Виниций,"PRON, ADP, NOUN, DET, PROPN",0,1,725,1507,,,561,799,16,80
157,4,39,44,вспоминал,вспоминать,v,8,66,local,parataxis,видел,63,899,3,1,0,0,ним он вспоминал каждое слово,"PRON, PRON, VERB, DET, NOUN",10,19,506,1054,506,1054,261,617,1339,6893
158,4,40,44,груди,грудь,n,16,66,-,obl,ощущал,62,991,2,1,0,0,на своей груди в своих,"ADP, DET, NOUN, ADP, DET",31,31,2681,3552,2681,3552,989,1144,1005,2908
159,4,41,44,пламя,пламя,n,19,66,local,obl,желание,55,227,1,1,0,0,желание как пламя возгоралось в,"NOUN, SCONJ, NOUN, VERB, ADP",35,96,457,1875,457,1875,481,1600,3686,10278
160,4,42,44,любил,любить,v,18,66,global,ROOT,любил,60,6338,4,0,0,1,нем Он любил ее призывал,"PRON, PRON, VERB, PRON, VERB",5,20,506,1054,,,348,1048,408,5688
161,4,43,44,любим,любить,v,15,66,global,acl,мысли,18,567,4,1,0,0,он был любим и что,"PRON, AUX, ADJ, CCONJ, SCONJ",0,0,149,737,149,737,59,161,11,138
162,4,44,44,печаль,печаль,n,10,66,local,nsubj,охватывала,62,577,1,1,0,0,глубокая неодолимая печаль и беспредельная,"ADJ, ADJ, NOUN, CCONJ, ADJ",45,67,3287,4160,3287,4160,2247,2552,943,2160
163,5,1,37,глазах,глаз,n,41,47,local,nmod,Виниция,47,20872,1,1,0,0,потемнело в глазах и лоб,"VERB, ADP, NOUN, CCONJ, NOUN",102,112,5336,10578,5336,10578,1259,1881,2964,3468
164,5,2,37,испариной,испарина,n,30,47,local,obl,покрылся,47,36,0,0,0,0,лоб покрылся испариной Из рук,"NOUN, VERB, NOUN, ADP, NOUN",382,792,3755,15002,3755,15002,2218,5140,7721,18094
165,5,3,37,вырвать,вырвать,v,5,47,local,csubj,можно,47,53,1,1,0,0,было бы вырвать но не,"AUX, AUX, VERB, CCONJ, PART",1,2,41,109,41,109,55,161,118,937
166,5,4,37,жизни,жизнь,n,44,47,local,obl,впервые,46,38924,1,1,0,0,впервые в жизни понял что,"ADV, ADP, NOUN, VERB, SCONJ",5,6,926,2183,926,2183,2141,3871,551,2068
167,5,5,37,полюбил,полюбить,v,0,47,-,csubj,ясно,47,88,4,1,0,0,он ее полюбил Подобно тому,"PRON, PRON, VERB, ADP, PRON",6,7,506,1054,506,1054,1371,2159,1023,3818
168,5,6,37,памяти,память,n,4,47,local,obl,проносится,47,9542,2,1,0,0,как в памяти утопающего молниеносно,"SCONJ, ADP, NOUN, VERB, ADV",9,14,437,1094,437,1094,2141,3871,1099,3082
169,5,7,37,жизнь,жизнь,n,46,47,local,nsubj,проносится,47,5580,1,1,0,0,проносится вся жизнь его так,"VERB, DET, NOUN, DET, ADV",1,1,1339,1946,1339,1946,127,216,48,133
170,5,8,37,слово,слово,n,41,47,local,obj,слышал,47,256,2,1,0,0,каждое ее слово Видел у,"DET, DET, NOUN, VERB, ADP",11,13,129,168,129,168,1515,1846,3686,10278
171,5,9,37,фонтана,фонтан,n,4,47,local,obl,Видел,28,283,1,1,0,0,Видел у фонтана видел в,"VERB, ADP, NOUN, VERB, ADP",98,125,5336,10578,5336,10578,2141,3871,3686,10278
172,5,10,37,желанной,желанный,adj,6,47,global,conj,прекрасной,46,1,0,0,0,0,более прекрасной желанной нежной во,"ADV, ADJ, ADJ, ADJ, ADP",0,14,226,2504,226,2504,412,4505,106,1241
173,5,11,37,небожителей,небожитель,n,3,47,global,conj,смертных,23,6,4,1,0,0,и всех небожителей И когда,"CCONJ, DET, NOUN, CCONJ, SCONJ",0,0,232,430,232,430,471,533,73,138
174,5,12,37,подумал,подумать,v,6,47,local,advcl,содрогнулся,43,10242,3,1,0,0,когда он подумал что всем,"SCONJ, PRON, VERB, SCONJ, DET",2,4,455,1041,455,1041,375,543,121,324
175,5,13,37,кровью,кровь,n,4,47,global,obl,ставшим,38,166,1,1,1,0,ставшим его кровью его -,"VERB, DET, NOUN, DET, ",,,,,1339,1946,,,,
176,5,14,37,жизнью,жизнь,n,11,47,local,conj,кровью,35,345,1,1,1,1,- его жизнью возможно завладел,", DET, NOUN, ADV, VERB",,,,,,,,,,
177,5,15,37,мучительной,мучительный,adj,3,47,local,amod,боли,40,38,1,1,0,0,боли такой мучительной что он,"NOUN, DET, ADJ, SCONJ, PRON",0,8,329,2236,329,2236,13,340,61,940
178,5,16,37,стены,стена,n,39,47,local,obl,биться,44,176,2,1,0,0,головою о стены атрия пока,"NOUN, ADP, NOUN, NOUN, SCONJ",13,94,7721,15708,7721,15708,5050,17274,257,1836
179,5,17,37,жить,жить,v,34,47,local,xcomp,сможет,45,417,1,1,0,0,не сможет жить если не,"PART, VERB, VERB, SCONJ, PART",1,7,545,3928,545,3928,159,872,99,433
180,5,18,37,умереть,умереть,v,12,47,local,xcomp,может,44,360,1,1,0,0,не может умереть пока не,"PART, VERB, VERB, SCONJ, PART",1,7,545,3928,545,3928,159,872,99,433
181,5,19,37,утешение,утешение,n,3,47,local,obj,доставляла,46,316,1,1,0,0,ему некоторое утешение И зачерпнув,"PRON, DET, NOUN, CCONJ, VERB",2,3,188,374,188,374,471,533,1115,1987
182,5,20,37,горшков,горшок,n,24,47,local,nmod,земли,45,34,2,1,0,0,из цветочных горшков окружавших имплувий,"ADP, ADJ, NOUN, VERB, NOUN",262,293,7132,8787,7132,8787,4275,5303,3755,11138
183,5,21,37,домашним,домашний,adj,5,47,local,amod,ларам,20,111,0,0,0,0,и своим домашним ларам что,"CCONJ, DET, ADJ, NOUN, PRON",0,3,65,430,65,430,1305,2858,1243,3878
184,5,22,37,жить,жить,v,40,47,local,csubj,было,43,253,2,1,0,0,для чего жить чем заполнить,"ADP, PRON, VERB, SCONJ, VERB",2,8,1046,4337,1046,4337,375,543,234,1078
185,5,23,37,ночи,ночь,n,38,47,local,conj,дни,45,49509,1,1,1,0,дни и ночи - от,"NOUN, CCONJ, NOUN, , ADP",,,,,2964,7748,,,,
186,5,24,37,Отказавшись,отказаться,v,10,47,local,advcl,приказал,27,2167,2,1,1,1,и - Отказавшись от мысли,"CCONJ, , VERB, , ADP, NOUN",,,,,,,,,,
187,5,25,37,приказал,приказать,v,6,47,local,ROOT,приказал,32,18,4,0,0,0,Авла Виниций приказал нести себя,"PROPN, PROPN, VERB, VERB, PRON",3,17,769,3685,769,3685,223,2264,239,2396
188,5,26,37,дороге,дорога,n,13,47,global,obl,рассуждал,31,18438,1,1,0,0,он по дороге или захотят,"PRON, ADP, NOUN, CCONJ, VERB",10,14,725,1507,725,1507,1259,1881,1115,1987
189,5,27,37,оружия,оружие,n,33,47,local,nsubj,нет,41,31,0,0,0,0,при нем оружия это будет,"ADP, PRON, NOUN, PRON, AUX",0,8,629,4337,629,4337,67,1048,185,597
190,5,28,37,Оружия,оружие,n,30,47,global,obj,взял,38,47,0,0,0,1,похитил император Оружия он впрочем,"VERB, NOUN, NOUN, PRON, ADV",10,39,2502,10109,,,645,3919,524,1946
191,5,29,37,мыслью,мысль,n,26,47,local,obl,поглощенными,43,388,2,1,0,0,поглощенными одной мыслью в том,"VERB, NUM, NOUN, ADP, PRON",11,11,546,815,546,815,564,696,1297,3818
192,5,30,37,встретиться,встретиться,v,6,47,global,xcomp,наметил,25,2859,1,1,0,0,всего наметил встретиться с Актой,"PRON, VERB, VERB, ADP, NOUN",91,327,755,6245,755,6245,805,5140,5336,18094
193,5,31,37,правду,правда,n,12,47,local,obj,узнать,29,116,0,0,0,0,нее узнать правду Временами у,"PRON, VERB, NOUN, ADV, ADP",3,22,1212,6245,1212,6245,442,2048,441,1635
194,5,32,37,надежда,надежда,n,20,47,local,nsubj,вспыхивала,43,32,1,1,0,0,него вспыхивала надежда увидеть во,"PRON, VERB, NOUN, VERB, ADP",30,109,1212,6245,1212,6245,1115,3757,3686,10278
195,5,33,37,мысли,мысль,n,43,47,local,obl,кидало,44,3067,2,1,0,0,от этой мысли его кидало,"ADP, DET, NOUN, PRON, VERB",90,101,2681,3552,2681,3552,405,544,1742,5688
196,5,34,37,возвратит,возвратить,v,3,47,local,conj,похитил,44,3,3,1,0,0,же ее возвратит Но это,"PART, PRON, VERB, CCONJ, DET",0,0,156,524,156,524,207,452,24,331
197,5,35,37,предположение,предположение,n,21,47,local,obj,отверг,41,678,2,1,0,0,Но это предположение Виниций сразу,"CCONJ, DET, NOUN, PROPN, ADV",1,1,232,430,232,430,175,225,232,729
198,5,36,37,вчера,вчера,adv,5,47,local,advmod,сделали,37,199,0,0,0,0,бы это вчера Одна только,"AUX, PRON, ADV, DET, PART",0,0,17,126,17,126,23,617,27,420
199,5,37,37,повидать,повидать,v,2,47,local,csubj,надо,44,29,2,1,0,0,ее надо повидать раньше чем,"PRON, ADV, VERB, ADV, SCONJ",2,6,926,2173,926,2173,282,1265,176,691
200,6,1,35,лицу,лицо,n,27,47,local,obl,провел,46,6170,1,1,0,0,рукою по лицу как человек,"NOUN, ADP, NOUN, SCONJ, NOUN",16,66,7721,15708,7721,15708,283,1002,457,1719
201,6,2,35,вечер,вечер,n,10,47,local,ccomp,увидел,40,4,3,1,0,0,на Патриарших вечер Вода в,"ADP, VERB, NOUN, NOUN, ADP",10,27,332,581,332,581,2502,16511,3000,15197
202,6,3,35,почернела,почернеть,v,11,47,global,ROOT,почернела,24,45,4,0,0,0,в пруде почернела и легкая,"ADP, NOUN, VERB, CCONJ, ADJ",3,143,2141,17846,2141,17846,283,3171,64,2160
203,6,4,35,весла,весло,n,22,47,local,nmod,плеск,47,412,1,1,0,0,слышался плеск весла и смешки,"VERB, NOUN, NOUN, CCONJ, NOUN",122,143,2502,10109,2502,10109,1928,3171,2964,3468
204,6,5,35,гражданки,гражданка,n,6,47,global,nmod,смешки,46,15,1,1,0,0,смешки какой-то гражданки в лодочке,"NOUN, DET, NOUN, ADP, NOUN",96,114,1431,2236,1431,2236,989,1144,7721,18094
205,6,6,35,скамейках,скамейка,n,14,47,local,nmod,аллеях,39,440,1,1,1,0,аллеях на скамейках появилась -,"NOUN, ADP, NOUN, VERB, ",,,,,7721,15708,,,,
206,6,7,35,публика,публика,n,13,47,global,nsubj,появилась,43,48,0,0,1,1,- появилась публика но опять-таки,", VERB, NOUN, CCONJ, ADV",,,,,,,,,,
207,6,8,35,квадрата,квадрат,n,11,47,local,nmod,сторонах,40,2,0,0,0,0,трех сторонах квадрата кроме той,"NUM, NOUN, NOUN, ADP, DET",6,24,756,2985,756,2985,3000,9714,1005,2908
208,6,9,35,луна,луна,n,39,47,local,nsubj,видна,46,464,1,1,0,0,высоте полная луна но еще,"NOUN, ADJ, NOUN, CCONJ, ADV",52,55,7699,10661,7699,10661,2247,2552,596,1287
209,6,10,35,золотая,золотой,adj,10,47,local,amod,луна,45,71,3,1,0,0,еще не золотая а белая,"ADV, PART, ADJ, CCONJ, ADJ",4,10,210,1903,210,1903,84,550,881,2160
210,6,11,35,заметил,заметить,v,28,47,local,ROOT,заметил,46,17619,6,0,0,0,я не заметил что он,"PRON, PART, VERB, SCONJ, PRON",16,17,1065,1877,1065,1877,198,412,303,940
211,6,12,35,рассказ,рассказ,n,15,47,global,obj,сплести,45,30,2,1,0,0,сплести целый рассказ подумал Бездомный,"VERB, ADJ, NOUN, VERB, ADJ",43,49,3931,5181,3931,5181,4275,5303,1847,5220
212,6,13,35,вечер,вечер,n,19,47,global,parataxis,сплести,36,1102,2,1,0,0,уже и вечер А может,"ADV, PART, NOUN, CCONJ, VERB",0,10,123,1903,123,1903,128,550,1115,1987
213,6,14,35,рассказывал,рассказывать,v,12,47,global,ROOT,рассказывал,33,2520,6,0,0,0,не он рассказывал а просто,"PART, PRON, VERB, CCONJ, PART",0,1,156,524,156,524,207,452,118,937
214,6,15,35,рассказывал,рассказывать,v,12,47,global,ccomp,полагать,20,9,4,1,0,0,что все-таки рассказывал профессор иначе,"SCONJ, PART, VERB, NOUN, ADV",1,10,171,511,171,511,751,2905,442,4774
215,6,16,35,лицо,лицо,n,27,47,local,obl,всматриваясь,36,14891,2,1,0,0,всматриваясь в лицо иностранца Ваш,"VERB, ADP, NOUN, NOUN, DET",17,73,5336,10578,5336,10578,5050,17274,327,2100
216,6,17,35,рассказ,рассказ,n,19,47,local,nsubj,интересен,46,177,1,1,0,1,иностранца Ваш рассказ чрезвычайно интересен,"NOUN, DET, NOUN, ADV, ADJ",18,24,1431,2236,,,567,674,574,2503
217,6,18,35,рассказами,рассказ,n,13,47,local,obl,совпадает,45,3,2,1,0,0,с евангельскими рассказами Помилуйте снисходительно,"ADP, ADJ, NOUN, VERB, ADV",84,89,7132,8787,7132,8787,4275,5303,1099,3082
218,6,19,35,отозвался,отозваться,v,8,47,local,ROOT,отозвался,43,16,1,1,0,0,снисходительно усмехнувшись отозвался профессор уж,"ADV, VERB, VERB, NOUN, PART",4,34,436,5712,436,5712,1058,16511,219,2353
219,6,20,35,написано,написать,v,27,47,local,acl,того,8,2262,2,1,0,0,того что написано в евангелиях,"PRON, PRON, VERB, ADP, NOUN",44,51,506,1054,506,1054,1371,2159,5336,18094
220,6,21,35,источник,источник,n,16,47,local,obl,ссылаться,42,63,3,1,0,0,на исторический источник он еще,"ADP, ADJ, NOUN, PRON, ADV",49,53,7132,8787,7132,8787,1243,1722,524,1946
221,6,22,35,осекся,осечься,v,8,47,global,conj,усмехнулся,43,16,3,1,0,0,и Берлиоз осекся потому что,"CCONJ, PROPN, VERB, ADV, SCONJ",1,1,126,542,126,542,160,620,176,691
222,6,23,35,идя,идти,v,17,47,local,advcl,говорил,39,213,2,1,0,0,говорил Бездомному идя с тем,"VERB, ADV, VERB, ADP, PRON",8,30,447,2993,447,2993,1257,2286,1023,3818
223,6,24,35,подтвердить,подтвердить,v,15,47,global,xcomp,может,40,447,1,1,0,0,не может подтвердить что и,"PART, VERB, VERB, SCONJ, PART",1,7,545,3928,545,3928,159,872,99,433
224,6,25,35,рассказывали,рассказывать,v,14,47,global,acl,то,43,134,4,1,0,0,вы нам рассказывали происходило на,"PRON, PRON, VERB, VERB, ADP",20,59,506,1054,506,1054,755,4384,805,10278
225,6,26,35,подтвердить,подтвердить,v,14,47,local,xcomp,может,23,2,2,1,0,0,может кто подтвердить начиная говорить,"VERB, PRON, VERB, VERB, VERB",3,18,408,2430,408,2430,755,4384,201,3846
226,6,27,35,ломаным,ломаный,adj,12,47,global,amod,языком,33,41,0,0,0,0,начиная говорить ломаным языком чрезвычайно,"VERB, VERB, ADJ, NOUN, ADV",9,56,414,3766,414,3766,3931,16511,1436,4774
227,6,28,35,поманил,поманить,v,9,47,local,conj,ответил,44,13,4,1,0,0,неожиданно таинственно поманил обоих приятелей,"ADV, ADV, VERB, NUM, NOUN",3,15,672,1850,672,1850,61,306,546,3409
228,6,29,35,наклонились,наклониться,v,13,47,local,ROOT,наклонились,42,34,6,0,0,1,поближе Те наклонились к нему,"ADV, DET, VERB, ADP, PRON",0,7,23,390,,,60,1144,1023,3818
229,6,30,35,появлялся,появляться,v,38,47,local,conj,пропадал,43,59,2,1,0,0,пропадал то появлялся Дело в,"VERB, SCONJ, VERB, NOUN, ADP",14,94,234,2225,234,2225,468,2281,2218,15197
230,6,31,35,заговорил,заговорить,v,15,47,local,conj,оглянулся,44,1390,3,1,0,0,оглянулся и заговорил шепотом что,"VERB, CCONJ, VERB, NOUN, SCONJ",4,5,509,1364,509,1364,475,4166,254,1836
231,6,32,35,присутствовал,присутствовать,v,34,47,local,acl,том,41,728,4,1,0,0,я лично присутствовал при всем,"PRON, ADV, VERB, ADP, DET",16,19,926,2173,926,2173,1257,2286,772,2908
232,6,33,35,балконе,балкон,n,15,47,global,obl,был,40,2637,1,1,0,0,И на балконе был у,"CCONJ, ADP, NOUN, AUX, ADP",0,0,552,1405,552,1405,147,314,47,224
233,6,34,35,тайно,тайно,adv,15,47,global,advmod,был,34,27,2,1,0,0,но только тайно инкогнито так,"CCONJ, PART, ADV, NOUN, ADV",2,18,139,1248,139,1248,81,2905,90,4774
234,6,35,35,секрет,секрет,n,23,47,global,conj,слова,32,1,2,1,1,0,и полный секрет Тсс -,"CCONJ, ADJ, NOUN, NOUN, ",,,,,1593,2190,,,,