Позиция,Слово,Семантическое поле,Количество,,,,,,,,,,,,,,,
1,пустому,характеристика помещения,9,,,,,,,,,,,,,,,
1,длинному,характеристика помещения,9,,,,,,,,,,,,,,,
1,темному,характеристика помещения,6,,,,,,,,,,,,,,,
1,коридору,часть помещения,6,,,,,,,,,,,,,,,
1,лестнице,часть помещения,5,,,,,,,,,,,,,,,
1,зданию,помещение,2,,,,,,,,,,,,,,,
1,тихому,характеристика помещения,2,,,,,,,,,,,,,,,
1,серому,цвет,1,,,,,,,,,,,,,,,
1,долгому,характеристика помещения,1,,,,,,,,,,,,,,,
1,колидору,часть помещения,1,,,,,,,,,,,,,,,
1,замку,помещение,1,,,,,,,,,,,,,,,
1,мрачному,характеристика помещения,1,,,,,,,,,,,,,,,
1,комнате,помещение,1,,,,,,,,,,,,,,,
2,коридору,часть помещения,36,,,,,,,,,,,,,,,
2,ковру,часть помещения,3,,,,,,,,,,,,,,,
2,полу,часть помещения,2,,,,,,,,,,,,,,,
2,корридору,часть помещения,2,,,,,,,,,,,,,,,
2,пути,"пространство, имеющее направление",1,,,,,,,,,,,,,,,
2,помещению,помещение,1,,,,,,,,,,,,,,,
2,шуму,звук,1,,,,,,,,,,,,,,,
2,паркету,часть помещения,1,,,,,,,,,,,,,,,
2,лесу,природное пространство,1,,,,,,,,,,,,,,,
3,здании,помещение,5,,,,,,,,,,,,,,,
3,кабинете,помещение,21,,,,,,,,,,,,,,,
3,помещении,помещение,12,,,,,,,,,,,,,,,
3,месте,помещение,5,,,,,,,,,,,,,,,
3,компьютере,техника,1,,,,,,,,,,,,,,,
3,зале,помещение,1,,,,,,,,,,,,,,,
3,пространстве,помещение,1,,,,,,,,,,,,,,,
3,острове,пространство,1,,,,,,,,,,,,,,,
3,диване,предмет мебели,1,,,,,,,,,,,,,,,
4,стеклянные,материал,5,,,,,,,,,,,,,,,
4,маленькие,внешняя характеристика предмета по размеру,17,,,,,,,,,,,,,,,
4,небольшие,внешняя характеристика предмета по размеру,13,,,,,,,,,,,,,,,
4,низкие,внешняя характеристика предмета по размеру,1,,,,,,,,,,,,,,,
4,старинные,эстетическая характеристика,1,,,,,,,,,,,,,,,
4,по-меньше,внешняя характеристика предмета по размеру,1,,,,,,,,,,,,,,,
4,стулья,предмет мебели,1,,,,,,,,,,,,,,,
4,тумбочки,предмет мебели,1,,,,,,,,,,,,,,,
4,столы и тумбы и,предмет мебели,1,,,,,,,,,,,,,,,
4,столы  ,предмет мебели,1,,,,,,,,,,,,,,,
4,сиреневые,цвет,1,,,,,,,,,,,,,,,
4,стеллажи,предмет мебели,1,,,,,,,,,,,,,,,
4,диковенные,эстетическая характеристика,1,,,,,,,,,,,,,,,
4,разнообразные,эстетическая характеристика,1,,,,,,,,,,,,,,,
4,высокие,внешняя характеристика предмета по размеру,1,,,,,,,,,,,,,,,
5,инструментами,инструменты,8,,,,,,,,,,,,,,,
5,ручками,части мебели,28,,,,,,,,,,,,,,,
5,приборами,инструменты,2,,,,,,,,,,,,,,,
5,деталями,части мебели,1,,,,,,,,,,,,,,,
5,красками,инструменты,1,,,,,,,,,,,,,,,
5,надписями,части мебели,1,,,,,,,,,,,,,,,
5,предметами,предметы,1,,,,,,,,,,,,,,,
5,ножками,части мебели,1,,,,,,,,,,,,,,,
5,дверками,части мебели,1,,,,,,,,,,,,,,,
5,изделиями,предметы,1,,,,,,,,,,,,,,,
5,чайниками,электроприборы,1,,,,,,,,,,,,,,,
5,колбами,инструменты,1,,,,,,,,,,,,,,,
6,кресла,предмет мебели,5,,,,,,,,,,,,,,,
6,приборы,электроприборы,6,,,,,,,,,,,,,,,
6,предметы,предметы,3,,,,,,,,,,,,,,,
6,приспособления,предметы,2,,,,,,,,,,,,,,,
6,детали,инструменты,2,,,,,,,,,,,,,,,
6,механизмы,механизмы,2,,,,,,,,,,,,,,,
6,они,-,2,,,,,,,,,,,,,,,
6,аппараты,электроприборы,2,,,,,,,,,,,,,,,
6,и,-,2,,,,,,,,,,,,,,,
6,разнообразно,оценка,1,,,,,,,,,,,,,,,
6,машины,электроприборы,1,,,,,,,,,,,,,,,
6,шкафики,предмет мебели,1,,,,,,,,,,,,,,,
6,приблуды,электроприборы,1,,,,,,,,,,,,,,,
6,новые,внешняя характерисика объекта по возрасту,1,,,,,,,,,,,,,,,
6,ингаляции,"процедуры, лечение",1,,,,,,,,,,,,,,,
6,инструменты,инструменты,1,,,,,,,,,,,,,,,
6,части,приборы,1,,,,,,,,,,,,,,,
6,технологии,приборы,1,,,,,,,,,,,,,,,
6,канделябры,предмет мебели,1,,,,,,,,,,,,,,,
6,люстры,предмет мебели,1,,,,,,,,,,,,,,,
6,прибамбасы,предметы,1,,,,,,,,,,,,,,,
6,непонятно,оценка,1,,,,,,,,,,,,,,,
6,столы,предмет мебели,1,,,,,,,,,,,,,,,
6,вещи,предметы ,1,,,,,,,,,,,,,,,
6,в кабинете,помещение,1,,,,,,,,,,,,,,,
6,светильники,предмет мебели,1,,,,,,,,,,,,,,,
6,схемы,инструменты,1,,,,,,,,,,,,,,,
6,здесь,место в пространстве,1,,,,,,,,,,,,,,,
7,колпаками,освещение,5,,,,,,,,,,,,,,,
7,абажурами,освещение,6,,,,,,,,,,,,,,,
7,огоньками,освещение,4,,,,,,,,,,,,,,,
7,жидкостями,жидкость,3,,,,,,,,,,,,,,,
7,лампочками,освещение,3,,,,,,,,,,,,,,,
7,ножками,освещение,2,,,,,,,,,,,,,,,
7,стеклами,освещение,2,,,,,,,,,,,,,,,
7,плафонами,освещение,2,,,,,,,,,,,,,,,
7,цоколями,освещение,1,,,,,,,,,,,,,,,
7,абажюрами,освещение,1,,,,,,,,,,,,,,,
7,подставками,освещение,1,,,,,,,,,,,,,,,
7,подсветками,освещение,1,,,,,,,,,,,,,,,
7,пробирками,инструменты,1,,,,,,,,,,,,,,,
7,линзами,освещение,1,,,,,,,,,,,,,,,
7,компонентами,части предметов,1,,,,,,,,,,,,,,,
7,узорами,части предметов,1,,,,,,,,,,,,,,,
7,нитями,ткани и их компоненты,1,,,,,,,,,,,,,,,
7,светилками,освещение,1,,,,,,,,,,,,,,,
7,вставками,части предметов,1,,,,,,,,,,,,,,,
7,огнями,освещение,1,,,,,,,,,,,,,,,
7,веществами,жидкость,1,,,,,,,,,,,,,,,
7,боками,части предметов,1,,,,,,,,,,,,,,,
7,поверхностями,части предметов,1,,,,,,,,,,,,,,,
7,диодами,освещение,1,,,,,,,,,,,,,,,
7,фонарями,освещение,1,,,,,,,,,,,,,,,
7,выключателями,освещение,1,,,,,,,,,,,,,,,
8,провода,электроприборы,5,,,,,,,,,,,,,,,
8,плиты,электроприборы,10,,,,,,,,,,,,,,,
8,нагреватели,электроприборы,3,,,,,,,,,,,,,,,
8,устройства,электроприборы,3,,,,,,,,,,,,,,,
8,плитки,электроприборы,2,,,,,,,,,,,,,,,
8,светильники,электроприборы,2,,,,,,,,,,,,,,,
8,лампы,электроприборы,2,,,,,,,,,,,,,,,
8,приборы,приборы,2,,,,,,,,,,,,,,,
8,чайники,приборы,2,,,,,,,,,,,,,,,
8,печи,приборы,1,,,,,,,,,,,,,,,
8,странные,оценка,1,,,,,,,,,,,,,,,
8,лампочки,электроприборы,1,,,,,,,,,,,,,,,
8,инструменты,инструменты,1,,,,,,,,,,,,,,,
8,стулья,предметы мебели,1,,,,,,,,,,,,,,,
8,механизмы,механизмы,1,,,,,,,,,,,,,,,
8,магниты,вещество,1,,,,,,,,,,,,,,,
8,колпаками,части ,1,,,,,,,,,,,,,,,
8,генераторы,электроприборы,1,,,,,,,,,,,,,,,
8,детали,части предметов,1,,,,,,,,,,,,,,,
8,витражи,стекло,1,,,,,,,,,,,,,,,
8,горелки,электроприборы,1,,,,,,,,,,,,,,,
8,духовки,электроприборы,1,,,,,,,,,,,,,,,
8,вещи,предмет,1,,,,,,,,,,,,,,,
8,катушки,приборы,1,,,,,,,,,,,,,,,
9,принялись,глаголы физического воздействия на объект,5,,,,,,,,,,,,,,,
9,взялись,глаголы физического воздействия на объект,17,,,,,,,,,,,,,,,
9,стояли,глаголы бытия,4,,,,,,,,,,,,,,,
9,схватились,глаголы физического воздействия на объект,3,,,,,,,,,,,,,,,
9,наблюдали,глаголы созерцания,2,,,,,,,,,,,,,,,
9,зашли,глаголы однонаправленного движения,2,,,,,,,,,,,,,,,
9,были,глаголы бытия,2,,,,,,,,,,,,,,,
9,отвечали,глаголы речевой деятельности,2,,,,,,,,,,,,,,,
9,проголосовали,глаголы выражения оценки,1,,,,,,,,,,,,,,,
9,вошли,глаголы однонаправленного движения,1,,,,,,,,,,,,,,,
9,встали,глаголы изменения качественного состояния,1,,,,,,,,,,,,,,,
9,голосовали,глаголы выражения оценки,1,,,,,,,,,,,,,,,
9,шли,глаголы действия,1,,,,,,,,,,,,,,,
9,присутствовали,глаголы бытия,1,,,,,,,,,,,,,,,
9,заинтересовались ,глаголы выражения оценки,1,,,,,,,,,,,,,,,
9,работали,глаголы деятельности,1,,,,,,,,,,,,,,,
9,было,глаголы бытия,1,,,,,,,,,,,,,,,
10,столик,предмет мебели,3,,,,,,,,,,,,,,,
10,ширму,предмет мебели,19,,,,,,,,,,,,,,,
10,шкаф,предмет мебели,6,,,,,,,,,,,,,,,
10,дверь,предмет мебели,4,,,,,,,,,,,,,,,
10,стол,предмет мебели,3,,,,,,,,,,,,,,,
10,шторку,предмет мебели,2,,,,,,,,,,,,,,,
10,за столик,предмет мебели,1,,,,,,,,,,,,,,,
10,надобность,нужда,1,,,,,,,,,,,,,,,
10,поворотом,направление,1,,,,,,,,,,,,,,,
10,информацией,информация,1,,,,,,,,,,,,,,,
10,дверью,предмет мебели,1,,,,,,,,,,,,,,,
10,занавесом,предмет мебели,1,,,,,,,,,,,,,,,
10,шкафчик,предмет мебели,1,,,,,,,,,,,,,,,
10,мебелью,предмет мебели,1,,,,,,,,,,,,,,,
10,решетку,предмет мебели,1,,,,,,,,,,,,,,,
10,которым,-,1,,,,,,,,,,,,,,,
11,обдумывать,глаголы интеллектуальной деятельности,14,,,,,,,,,,,,,,,
11,оценивать,глаголы интеллектуальной деятельности,10,,,,,,,,,,,,,,,
11,принимать,глаголы интеллектуальной деятельности,2,,,,,,,,,,,,,,,
11,рассказывать,глаголы речевой деятельности,2,,,,,,,,,,,,,,,
11,анализировать,глаголы интеллектуальной деятельности,2,,,,,,,,,,,,,,,
11,терять,глаголы лишения,2,,,,,,,,,,,,,,,
11,занимать,глаголы интеллектуальной деятельности,1,,,,,,,,,,,,,,,
11,осознавать,глаголы интеллектуальной деятельности,1,,,,,,,,,,,,,,,
11,узнавать,глаголы интеллектуальной деятельности,1,,,,,,,,,,,,,,,
11,в трудное,оценка,1,,,,,,,,,,,,,,,
11,лихорадочно обдумывать своё,глаголы интеллектуальной деятельности,1,,,,,,,,,,,,,,,
11,обдумывать свое,глаголы интеллектуальной деятельности,1,,,,,,,,,,,,,,,
11, выправлять,глаголы деятельности,1,,,,,,,,,,,,,,,
11,выяснять,глаголы интеллектуальной деятельности,1,,,,,,,,,,,,,,,
11,оценивать,глаголы интеллектуальной деятельности,1,,,,,,,,,,,,,,,
11,итди,глаголы движения,1,,,,,,,,,,,,,,,
11,в ровное,оценка,1,,,,,,,,,,,,,,,
11,изучать,глаголы интеллектуальной деятельности,1,,,,,,,,,,,,,,,
11,отстаивать,глаголы деятельности,1,,,,,,,,,,,,,,,
11,низкое,оценка,1,,,,,,,,,,,,,,,
11,в неловкое,эмоциональная характеристика,1,,,,,,,,,,,,,,,
12,соблазнял,глаголы приведения в эмоциональное состояние,5,,,,,,,,,,,,,,,
12,опасный,,8,,,,,,,,,,,,,,,
12,заманчивый,приведения в эмоциональное состояние,3,,,,,,,,,,,,,,,
12,привлекал,глаголы приведения в эмоциональное состояние,2,,,,,,,,,,,,,,,
12,смелый,оценка,2,,,,,,,,,,,,,,,
12,простой,степень сложности,2,,,,,,,,,,,,,,,
12,трудных,степень сложности,1,,,,,,,,,,,,,,,
12,очевидным,оценка,1,,,,,,,,,,,,,,,
12,план,идея,1,,,,,,,,,,,,,,,
12,бесшабашный,нормативная оценка,1,,,,,,,,,,,,,,,
12,волновал,глаголы приведения в эмоциональное состояние,1,,,,,,,,,,,,,,,
12,сложным,степень сложности,1,,,,,,,,,,,,,,,
12,радикальный,нормативная оценка,1,,,,,,,,,,,,,,,
12,бежать,глаголы движения,1,,,,,,,,,,,,,,,
12,буйный,нормативная оценка,1,,,,,,,,,,,,,,,
12,простой и очевидный,степень сложности,1,,,,,,,,,,,,,,,
12,просто,степень сложности,1,,,,,,,,,,,,,,,
12,идеей,идея,1,,,,,,,,,,,,,,,
12,глупый,интеллектуальная оценка,1,,,,,,,,,,,,,,,
12,соблазнительный,приведения в эмоциональное состояние,1,,,,,,,,,,,,,,,
12,сложно,степень сложности,1,,,,,,,,,,,,,,,
12,неподходящий,нормативная оценка,1,,,,,,,,,,,,,,,
12,легкий,степень сложности,1,,,,,,,,,,,,,,,
12,манил,глаголы приведения в эмоциональное состояние,1,,,,,,,,,,,,,,,
12,мужчина,человек,1,,,,,,,,,,,,,,,
12,нравился,глаголы приведения в эмоциональное состояние,1,,,,,,,,,,,,,,,
12,агрессивный,эмоциональная оценка,1,,,,,,,,,,,,,,,
12,невежественный,нормативная оценка,1,,,,,,,,,,,,,,,
12,дерзкий,нормативная оценка,1,,,,,,,,,,,,,,,
12,сложный,степень сложности,1,,,,,,,,,,,,,,,
12,сильно,оценка,1,,,,,,,,,,,,,,,
12,трудный,степень сложности,1,,,,,,,,,,,,,,,
13,замысловатые,нормативная оценка,5,,,,,,,,,,,,,,,
13,странные,нормативная оценка,7,,,,,,,,,,,,,,,
13,непонятные,нормативная оценка,4,,,,,,,,,,,,,,,
13,схватить,глаголы действия над объектом,3,,,,,,,,,,,,,,,
13,другие,характеристика вида,3,,,,,,,,,,,,,,,
13,блестящие,характеристика вида,2,,,,,,,,,,,,,,,
13,разбросать,глаголы действия над объектом,2,,,,,,,,,,,,,,,
13,разбить,глаголы действия над объектом,2,,,,,,,,,,,,,,,
13,необычные,нормативная оценка,2,,,,,,,,,,,,,,,
13,разнести,глаголы действия над объектом,1,,,,,,,,,,,,,,,
13,разломать,глаголы действия над объектом,1,,,,,,,,,,,,,,,
13,бросить,глаголы действия над объектом,1,,,,,,,,,,,,,,,
13,приборы на эти заковыричтые,-,1,,,,,,,,,,,,,,,
13,перебрать,глаголы действия над объектом,1,,,,,,,,,,,,,,,
13,диковинные,нормативная оценка,1,,,,,,,,,,,,,,,
13,чертовы,нормативная оценка,1,,,,,,,,,,,,,,,
13,все эти,характеристика вида,1,,,,,,,,,,,,,,,
13,устройства,приборы,1,,,,,,,,,,,,,,,
13,крушить,глаголы действия над объектом,1,,,,,,,,,,,,,,,
13,сломал,глаголы действия над объектом,1,,,,,,,,,,,,,,,
13,бесполезные,нормативная оценка,1,,,,,,,,,,,,,,,
13,прочие,характеристика вида,1,,,,,,,,,,,,,,,
13,дивные,нормативная оценка,1,,,,,,,,,,,,,,,
13,раскидать,глаголы действия над объектом,1,,,,,,,,,,,,,,,
13,взять,глаголы действия над объектом,1,,,,,,,,,,,,,,,
13,остальные,характеристика вида,1,,,,,,,,,,,,,,,
14,задержан,глаголы удержания,6,,,,,,,,,,,,,,,
14,пришел,глаголы однонаправленного движения,7,,,,,,,,,,,,,,,
14,здесь,место в пространстве,4,,,,,,,,,,,,,,,
14,согласился,глаголы выражения оценки,2,,,,,,,,,,,,,,,
14,делал,глаголы деятельности,2,,,,,,,,,,,,,,,
14,тратит время,глаголы поведения,2,,,,,,,,,,,,,,,
14,пропадает,глаголы бытия,2,,,,,,,,,,,,,,,
14,страдает,глаголы эмоционального состояния,2,,,,,,,,,,,,,,,
14,приехал,глаголы однонаправленного движения,2,,,,,,,,,,,,,,,
14,наказан,глаголы физического воздействия на объект,1,,,,,,,,,,,,,,,
14,действовал,глаголы деятельности,1,,,,,,,,,,,,,,,
14,приведен сюда,глаголы физического воздействия на объект,1,,,,,,,,,,,,,,,
14,находится здесь,глаголы бытия,1,,,,,,,,,,,,,,,
14,сделал бы,глаголы деятельности,1,,,,,,,,,,,,,,,
14,поддавался,глаголы поведения,1,,,,,,,,,,,,,,,
14,находится тут,глаголы бытия,1,,,,,,,,,,,,,,,
14,схвачен,глаголы физического воздействия на объект,1,,,,,,,,,,,,,,,
14,волновался,глаголы эмоционального состояния,1,,,,,,,,,,,,,,,
14,терял время,глаголы поведения,1,,,,,,,,,,,,,,,
14,прибыл,глаголы однонаправленного движения,1,,,,,,,,,,,,,,,
14,тут,место в пространстве,1,,,,,,,,,,,,,,,
14,арестован,глаголы физического воздействия на объект,1,,,,,,,,,,,,,,,
14,мучился,глаголы эмоционального состояния,1,,,,,,,,,,,,,,,
14,потратил время,глаголы поведения,1,,,,,,,,,,,,,,,
14,стоял ,глаголы бытия,1,,,,,,,,,,,,,,,
15,сегодняшний,время,6,,,,,,,,,,,,,,,
15,нынешний,время,11,,,,,,,,,,,,,,,
15,новый,время,8,,,,,,,,,,,,,,,
15,этот,время,6,,,,,,,,,,,,,,,
15,теперешний,время,5,,,,,,,,,,,,,,,
15,сопротивляться,глаголы физического воздействия на объект,1,,,,,,,,,,,,,,,
15,тот,-,1,,,,,,,,,,,,,,,
15,старый,время,1,,,,,,,,,,,,,,,
15,разозлившийся,эмоциональная характеристика,1,,,,,,,,,,,,,,,
15,ведь,-,1,,,,,,,,,,,,,,,
15,первый,порядковое прилагательное,1,,,,,,,,,,,,,,,
15,брат,человек,1,,,,,,,,,,,,,,,
15,зря,бесполезность,1,,,,,,,,,,,,,,,
15,наш,принадлежность,1,,,,,,,,,,,,,,,
15,второй ,порядковое прилагательное,1,,,,,,,,,,,,,,,
15,настоящий,прилагательное оценки реальности,1,,,,,,,,,,,,,,,
16,вчерашнего,время,8,,,,,,,,,,,,,,,
16,прежнего,время,11,,,,,,,,,,,,,,,
16,старого,время,6,,,,,,,,,,,,,,,
16,прошлого,время,5,,,,,,,,,,,,,,,
16,предыдущего,время,3,,,,,,,,,,,,,,,
16,того,время,2,,,,,,,,,,,,,,,
16,прежднего,время,2,,,,,,,,,,,,,,,
16,обычного,нормативная оценка,1,,,,,,,,,,,,,,,
16,нового,время,1,,,,,,,,,,,,,,,
16,спокойного,характер ,1,,,,,,,,,,,,,,,
16,обыкновенного,нормативная оценка,1,,,,,,,,,,,,,,,
16,настоящего,время,1,,,,,,,,,,,,,,,
16,потому,-,1,,,,,,,,,,,,,,,
16,за пару часов до случившегося,время,1,,,,,,,,,,,,,,,
16,урганта,имя,1,,,,,,,,,,,,,,,
16,николаевича,имя,1,,,,,,,,,,,,,,,
17,сомнительным,прилагательные оценки,7,,,,,,,,,,,,,,,
17,опасным,прилагательные оценки,5,,,,,,,,,,,,,,,
17,глупым,интеллектуальная оценка,3,,,,,,,,,,,,,,,
17,неразумным ,прилагательные оценки,3,,,,,,,,,,,,,,,
17,неверным,прилагательные оценки,3,,,,,,,,,,,,,,,
17,неправильным,прилагательные оценки,2,,,,,,,,,,,,,,,
17,неприемлимым,прилагательные оценки,2,,,,,,,,,,,,,,,
17,путь,"пространство, имеющее направление",1,,,,,,,,,,,,,,,
17,неприемлемым,прилагательные оценки,1,,,,,,,,,,,,,,,
17,слишком простым,прилагательные оценки,1,,,,,,,,,,,,,,,
17,муторным,прилагательные оценки,1,,,,,,,,,,,,,,,
17,интересным,эмотивная характеристика,1,,,,,,,,,,,,,,,
17,излишним,прилагательные оценки,1,,,,,,,,,,,,,,,
17,слишом опрометчивым,прилагательные оценки,1,,,,,,,,,,,,,,,
17,ужасным,эмотивная характеристика,1,,,,,,,,,,,,,,,
17,трудным,прилагательные оценки,1,,,,,,,,,,,,,,,
17,плохим,прилагательные оценки,1,,,,,,,,,,,,,,,
17,диким,прилагательные оценки,1,,,,,,,,,,,,,,,
17,ненадежным,прилагательные оценки,1,,,,,,,,,,,,,,,
17,рисковым,прилагательные оценки,1,,,,,,,,,,,,,,,
17,знаком,знак,1,,,,,,,,,,,,,,,
17,неудачным,прилагательные оценки,1,,,,,,,,,,,,,,,
17,пугающим,глаголы вызывающие эмотивное состояние,1,,,,,,,,,,,,,,,
17,не совсем верным,прилагательные оценки,1,,,,,,,,,,,,,,,
17,не правильным,прилагательные оценки,1,,,,,,,,,,,,,,,
17,добрее,эмотивная характеристика,1,,,,,,,,,,,,,,,
17,легким,прилагательные оценки,1,,,,,,,,,,,,,,,
17,лучше,прилагательные оценки,1,,,,,,,,,,,,,,,
17,неуместным,прилагательные оценки,1,,,,,,,,,,,,,,,
18,сумасшедший,больной человек,9,,,,,,,,,,,,,,,
18,человек,человек,9,,,,,,,,,,,,,,,
18,пациент,больной человек,4,,,,,,,,,,,,,,,
18,псих,больной человек,4,,,,,,,,,,,,,,,
18,шизофреник,больной человек,2,,,,,,,,,,,,,,,
18,психопат,больной человек,2,,,,,,,,,,,,,,,
18,нрав,характер,1,,,,,,,,,,,,,,,
18,психбоьной,больной человек,1,,,,,,,,,,,,,,,
18,ушлепок,больной человек,1,,,,,,,,,,,,,,,
18,товарищ,человек,1,,,,,,,,,,,,,,,
18,дурак,интеллектуальная оценка человека,1,,,,,,,,,,,,,,,
18,человеком,человек,1,,,,,,,,,,,,,,,
18,бык,животное,1,,,,,,,,,,,,,,,
18,мститель,человек,1,,,,,,,,,,,,,,,
18,глупец,интеллектуальная оценка человека,1,,,,,,,,,,,,,,,
18,нарушитель,человек,1,,,,,,,,,,,,,,,
18,сумашедший,больной человек,1,,,,,,,,,,,,,,,
18,и сумасшедший,больной человек,1,,,,,,,,,,,,,,,
18,больной,больной человек,1,,,,,,,,,,,,,,,
18,индивид,человек,1,,,,,,,,,,,,,,,
18,такой,-,1,,,,,,,,,,,,,,,
19,повествование,речь,2,,,,,,,,,,,,,,,
19,рассказывать,глаголы речевого действия,12,,,,,,,,,,,,,,,
19,говорить,глаголы речевого действия,7,,,,,,,,,,,,,,,
19,разговор,речь,6,,,,,,,,,,,,,,,
19,распрашивать,глаголы речевого действия,2,,,,,,,,,,,,,,,
19,расспрашивать,глаголы речевого действия,2,,,,,,,,,,,,,,,
19,разговоры,речь,2,,,,,,,,,,,,,,,
19,спрашивать,глаголы речевого действия,2,,,,,,,,,,,,,,,
19,писать,глаголы речевого действия,2,,,,,,,,,,,,,,,
19,говорит,глаголы речевого действия,1,,,,,,,,,,,,,,,
19,выспрашивать,глаголы речевого действия,1,,,,,,,,,,,,,,,
19,кричатт,глаголы речевого действия,1,,,,,,,,,,,,,,,
19,бежать,глаголы движения,1,,,,,,,,,,,,,,,
19,информацию,информация,1,,,,,,,,,,,,,,,
19,подробно рассказывать,глаголы речевого действия,1,,,,,,,,,,,,,,,
19,рассуждения,речь,1,,,,,,,,,,,,,,,
19,рассказ ,речь,1,,,,,,,,,,,,,,,
19,диалог,речь,1,,,,,,,,,,,,,,,
19,рассуждение,речь,1,,,,,,,,,,,,,,,
20,вчерашний ,время,5,,,,,,,,,,,,,,,
20,предыдущий,время,8,,,,,,,,,,,,,,,
20,прошлый,время,7,,,,,,,,,,,,,,,
20,прежний,время,7,,,,,,,,,,,,,,,
20,этот,-,3,,,,,,,,,,,,,,,
20,его,принадлежность,3,,,,,,,,,,,,,,,
20,текущий,время,1,,,,,,,,,,,,,,,
20,многочисленный,число,1,,,,,,,,,,,,,,,
20,подобный,схожесть,1,,,,,,,,,,,,,,,
20,нельзя,запрет,1,,,,,,,,,,,,,,,
20,не стал,глаголы бытия,1,,,,,,,,,,,,,,,
20,печальный прежний,-,1,,,,,,,,,,,,,,,
20,данный,-,1,,,,,,,,,,,,,,,
20,жизненный,жизнь,1,,,,,,,,,,,,,,,
20,сегодняшний,время,1,,,,,,,,,,,,,,,
20,первый,порядковое число,1,,,,,,,,,,,,,,,
20,многолетний,время,1,,,,,,,,,,,,,,,
20,плачевный,эмотивная характеристика,1,,,,,,,,,,,,,,,
21,извращенно,нормативная оценка,3,,,,,,,,,,,,,,,
21,неправильно,нормативная оценка,15,,,,,,,,,,,,,,,
21,иначе,отличие,5,,,,,,,,,,,,,,,
21,не так,отличие,5,,,,,,,,,,,,,,,
21,странно,нормативная оценка,2,,,,,,,,,,,,,,,
21,по другому,отличие,2,,,,,,,,,,,,,,,
21,превратно,нормативная оценка,2,,,,,,,,,,,,,,,
21,с опаской,эмотивная оценка,1,,,,,,,,,,,,,,,
21,искажённо,нормативная оценка,1,,,,,,,,,,,,,,,
21,по-иному,отличие,1,,,,,,,,,,,,,,,
21,по-своему,принадлежность,1,,,,,,,,,,,,,,,
21,не правильно,нормативная оценка,1,,,,,,,,,,,,,,,
21,ивращённо,нормативная оценка,1,,,,,,,,,,,,,,,
21,на так,нормативная оценка,1,,,,,,,,,,,,,,,
21,частично,часть,1,,,,,,,,,,,,,,,
22,замкнуться,глаголы состояния,6,,,,,,,,,,,,,,,
22,остаться,глаголы состояния,11,,,,,,,,,,,,,,,
22,сидеть,глаголы состояния,6,,,,,,,,,,,,,,,
22,оставаться,глаголы состояния,4,,,,,,,,,,,,,,,
22,стоять,глаголы состояния,3,,,,,,,,,,,,,,,
22,пребывать,глаголы состояния,3,,,,,,,,,,,,,,,
22,молчать,глаголы речевой деятельности,2,,,,,,,,,,,,,,,
22,побыть,глаголы состояния,1,,,,,,,,,,,,,,,
22,остался стоять,глаголы состояния,1,,,,,,,,,,,,,,,
22,отвернувшись,глаголы изменения состояния,1,,,,,,,,,,,,,,,
22,находиться,глаголы состояния,1,,,,,,,,,,,,,,,
22,быть,глаголы состояния,1,,,,,,,,,,,,,,,
22,остатсья,глаголы состояния,1,,,,,,,,,,,,,,,
22,путь,"пространство, имеющее направление",1,,,,,,,,,,,,,,,
22,мудрый,интеллектуальная характеристика,1,,,,,,,,,,,,,,,
22,пребывание,состояния,1,,,,,,,,,,,,,,,
22,умереть,глаголы бытия,1,,,,,,,,,,,,,,,
22,верный,характер,1,,,,,,,,,,,,,,,
23,осуществить,глаголы деятельности,9,,,,,,,,,,,,,отвергнуть (1),-1,выполнить (1)
23,сделать,глаголы деятельности,13,,,,,,,,,,,,,,,
23,избежать,глаголы взаимоотношений,6,,,,,,,,,,,,,,,
23,ему,принадлежность,4,,,,,,,,,,,,,,,
23,достичь,глаголы деятельности,3,,,,,,,,,,,,,,,
23,добиться,глаголы деятельности,2,,,,,,,,,,,,,,,
23,совершить,глаголы деятельности,2,,,,,,,,,,,,,,,
23,выпонить,глаголы деятельности,1,,,,,,,,,,,,,,,
23,исполнить,глаголы деятельности,1,,,,,,,,,,,,,,,
23,молчать,глаголы речевой деятельности,1,,,,,,,,,,,,,,,
23,молчания,речевая деятельность,1,,,,,,,,,,,,,,,
23,придерживаться,глаголы деятельности,1,,,,,,,,,,,,,,,
23,обойти,глаголы движения,1,,,,,,,,,,,,,,,
23,отвергнуть,глаголы взаимоотношений,1,,,,,,,,,,,,,,,
23,выполнить,глаголы деятельности,1,,,,,,,,,,,,,,,
24,вопросов,речь,43,,,,,,,,,,,,,,,
24,заковыристых вопросов,речь,1,,,,,,,,,,,,,,,
24,сомнений,сомнение,1,,,,,,,,,,,,,,,
24,фурье,математика,1,,,,,,,,,,,,,,,
25,выспросили,глаголы речевой деятельности,6,,,,,,,,,,,,,,,
25,спросили,глаголы речевой деятельности,6,,,,,,,,,,,,,,,
25,спрашивали,глаголы речевой деятельности,4,,,,,,,,,,,,,,,
25,расспрашивали,глаголы речевой деятельности,3,,,,,,,,,,,,,,,
25,выпросили,глаголы речевой деятельности,3,,,,,,,,,,,,,,,
25,узнали,глаголы интеллектуальной деятельности,2,,,,,,,,,,,,,,,
25,было,глаголы бытия,2,,,,,,,,,,,,,,,
25,расспросили,глаголы речевой деятельности,2,,,,,,,,,,,,,,,
25,николаевича,имя,2,,,,,,,,,,,,,,,
25,распросили,глаголы речевой деятельности,1,,,,,,,,,,,,,,,
25,сложилось,глаголы деятельности,1,,,,,,,,,,,,,,,
25,исчезли,глаголы бытия,1,,,,,,,,,,,,,,,
25,выпытывали,глаголы речевой деятельности,1,,,,,,,,,,,,,,,
25,рассказал,глаголы речевой деятельности,1,,,,,,,,,,,,,,,
25,выпытали,глаголы речевой деятельности,1,,,,,,,,,,,,,,,
25,выспрашивали,глаголы речевой деятельности,1,,,,,,,,,,,,,,,
25,пронеслось,глаголы движения,1,,,,,,,,,,,,,,,
25,вызнали,глаголы речевой деятельности,1,,,,,,,,,,,,,,,
25,началось,глаголы начала деятельности,1,,,,,,,,,,,,,,,
25,узнавали,глаголы речевой деятельности,1,,,,,,,,,,,,,,,
25,выясняли,глаголы речевой деятельности,1,,,,,,,,,,,,,,,
25,вспомнилось,глаголы мыслительной деятельности,1,,,,,,,,,,,,,,,
26,жизни,жизнь,43,,,,,,,,,,,,,,,
26,истории,речь,1,,,,,,,,,,,,,,,
26,жены,человек,1,,,,,,,,,,,,,,,
26,работы,деятельность,1,,,,,,,,,,,,,,,
27,страницу,бумага,21,,,,,,,,,,,,,,,
27,тетрадь,бумага,12,,,,,,,,,,,,,,,
27,книгу,бумага,4,,,,,,,,,,,,,,,
27,бумагу,бумага,2,,,,,,,,,,,,,,,
27,обьяснительную,произведение,1,,,,,,,,,,,,,,,
27,страницу эскулапы,бумага,1,,,,,,,,,,,,,,,
27,картотеку,хранение,1,,,,,,,,,,,,,,,
27,роту,наименование групп лиц,1,,,,,,,,,,,,,,,
27,историю,произведение,1,,,,,,,,,,,,,,,
27,доску,предмет мебели,1,,,,,,,,,,,,,,,
27,повесть,бумага,1,,,,,,,,,,,,,,,
27,страницуу,бумага,1,,,,,,,,,,,,,,,
28,родственниках,семья,7,,,,,,,,,,,,,,,
28,здоровье,здоровье,10,,,,,,,,,,,,,,,
28,жизни,жизнь,7,,,,,,,,,,,,,,,
28,семье,семья,4,,,,,,,,,,,,,,,
28,болезнях,здоровье,4,,,,,,,,,,,,,,,
28,тоящем,-,1,,,,,,,,,,,,,,,
28,детстве,жизнь,1,,,,,,,,,,,,,,,
28,похождениях,жизнь,1,,,,,,,,,,,,,,,
28,личной жизни,жизнь,1,,,,,,,,,,,,,,,
28,болезни,здоровье,1,,,,,,,,,,,,,,,
28,личном,жизнь,1,,,,,,,,,,,,,,,
28,семте и предках,семья,1,,,,,,,,,,,,,,,
28,юности,жизнь,1,,,,,,,,,,,,,,,
28,состоянии,здоровье,1,,,,,,,,,,,,,,,
28,личности,человек,1,,,,,,,,,,,,,,,
28,настоящем,жизнь,1,,,,,,,,,,,,,,,
28,произведении,произведение,1,,,,,,,,,,,,,,,
28,самочувствии,здоровье,1,,,,,,,,,,,,,,,
28,здоровьи,здоровье,1,,,,,,,,,,,,,,,
29,умер,глаголы бытия,8,,,,,,,,,,,,,,,
29,он,человек,4,,,,,,,,,,,,,,,
29,лечил,глаголы воздействия на объект,4,,,,,,,,,,,,,,,
29,родители,семья,2,,,,,,,,,,,,,,,
29,болел,глаголы качественного состояния,2,,,,,,,,,,,,,,,
29,виноват,вина,2,,,,,,,,,,,,,,,
29,почему,вопрос,2,,,,,,,,,,,,,,,
29,кого,вопрос,2,,,,,,,,,,,,,,,
29,был,глаголы бытия,1,,,,,,,,,,,,,,,
29,такой,-,1,,,,,,,,,,,,,,,
29,родил,глаголы бытия,1,,,,,,,,,,,,,,,
29,приходил,глаголы однонаправленного движения,1,,,,,,,,,,,,,,,
29,спрашивал,глаголы речевой деятельности,1,,,,,,,,,,,,,,,
29,когда и чем болел кто умер,глаголы бытия,1,,,,,,,,,,,,,,,
29,заразил,глаголы воздействия на объект,1,,,,,,,,,,,,,,,
29,чем болел,глаголы качественного состояния,1,,,,,,,,,,,,,,,
29,бежал,глаголы движения,1,,,,,,,,,,,,,,,
29,это,-,1,,,,,,,,,,,,,,,
29,что,вопросы,1,,,,,,,,,,,,,,,
29,пришел,глаголы однонаправленного движения,1,,,,,,,,,,,,,,,
29,бил,глаголы воздействия на объект,1,,,,,,,,,,,,,,,
29,откуда,вопросы,1,,,,,,,,,,,,,,,
29,спросил,глаголы речевой деятельности,1,,,,,,,,,,,,,,,
29,зачем,вопросы,1,,,,,,,,,,,,,,,
29,посему,вопросы,1,,,,,,,,,,,,,,,
30,пил,глаголы физиологического действия,7,,,,,,,,,,,,,,,
30,страдал,глаголы эмоционального состояния,3,,,,,,,,,,,,,,,
30,болен,глаголы качественного состояния,2,,,,,,,,,,,,,,,
30,было,глаголы бытия,2,,,,,,,,,,,,,,,
30,лежал в больнице,глаголы качественного состояния,1,,,,,,,,,,,,,,,
30,был,глаголы бытия,1,,,,,,,,,,,,,,,
30,воровал,глаголы воздействия на объект,1,,,,,,,,,,,,,,,
30,прививался,глаголы качественного состояния,1,,,,,,,,,,,,,,,
30,болел,глаголы качественного состояния,1,,,,,,,,,,,,,,,
30,болел ли простудой,глаголы качественного состояния,1,,,,,,,,,,,,,,,
30,сколько времени,вопрос,1,,,,,,,,,,,,,,,
30,курил,глаголы физиологического действия,1,,,,,,,,,,,,,,,
30,было ли в роду сумасшедших,,1,,,,,,,,,,,,,,,
30,заразный,качественное состояния,1,,,,,,,,,,,,,,,
30,умер ли,глаголы бытия,1,,,,,,,,,,,,,,,
30,заражал,глаголы воздействия на объект,1,,,,,,,,,,,,,,,
30,скрыться,глаголы изменения состояния,1,,,,,,,,,,,,,,,
30,привлекался,глаголы качественного состояния,1,,,,,,,,,,,,,,,
30,алкоголик,человек,1,,,,,,,,,,,,,,,
30,спросив,глаголы речевой деятельности,1,,,,,,,,,,,,,,,
30,кашляет,глаголы качественного состояния,1,,,,,,,,,,,,,,,
30,дрался,глаголы взаимоотношений,1,,,,,,,,,,,,,,,
30,кашлял,глаголы качественного состояния,1,,,,,,,,,,,,,,,
30,дурак,интеллектуальная характеристика,1,,,,,,,,,,,,,,,
30,воевал,глаголы деятельности,1,,,,,,,,,,,,,,,
30,лечился,глаголы качественного состояния,1,,,,,,,,,,,,,,,
30,сидел,глаголы качественного состояния,1,,,,,,,,,,,,,,,
30,умер,глаголы бытия,1,,,,,,,,,,,,,,,
30,хворает,глаголы качественного состояния,1,,,,,,,,,,,,,,,
30,поняв,глаголы интеллектуальной деятельности,1,,,,,,,,,,,,,,,
30,заразил,глаголы воздействия на объект,1,,,,,,,,,,,,,,,
30,знает,глаголы интеллектуальной деятельности,1,,,,,,,,,,,,,,,
31,вчерашнем,время,7,,,,,,,,,,,,,,,
31,странном,нормативная оценка,6,,,,,,,,,,,,,,,
31,недавнем,время,6,,,,,,,,,,,,,,,
31,том,-,5,,,,,,,,,,,,,,,
31,случившемся,время,2,,,,,,,,,,,,,,,
31,старом,время,2,,,,,,,,,,,,,,,
31,дневном,время,2,,,,,,,,,,,,,,,
31,незначительном,нормативная оценка,1,,,,,,,,,,,,,,,
31,прошедшем,время,1,,,,,,,,,,,,,,,
31,злополучном,нормативная оценка,1,,,,,,,,,,,,,,,
31,современном,время,1,,,,,,,,,,,,,,,
31,сегодняшнем,время,1,,,,,,,,,,,,,,,
31,настоящем,время,1,,,,,,,,,,,,,,,
31,давешнем,время,1,,,,,,,,,,,,,,,
31,жизни,жизнь,1,,,,,,,,,,,,,,,
31,небольшом,характеристика по длительности,1,,,,,,,,,,,,,,,
31,себе,человек,1,,,,,,,,,,,,,,,
31,том самом,нормативная оценка,1,,,,,,,,,,,,,,,
31,самом,-,1,,,,,,,,,,,,,,,
31,событии,событие,1,,,,,,,,,,,,,,,
31,болезни,здоровье,1,,,,,,,,,,,,,,,
32,удивлялись ,глаголы выражения эмоций,5,,,,,,,,,,,,,,,
32,поверили,глаголы интеллектуальной деятельности,10,,,,,,,,,,,,,,,
32,верили,глаголы интеллектуальной деятельности,6,,,,,,,,,,,,,,,
32,удивились,глаголы выражения эмоций,4,,,,,,,,,,,,,,,
32,обрадовались,глаголы выражения эмоций,2,,,,,,,,,,,,,,,
32,заходило,глаголы однонаправленного движения,1,,,,,,,,,,,,,,,
32,придавали значения,глаголы интеллектуальной деятельности,1,,,,,,,,,,,,,,,
32,просили,глаголы речевой деятельности,1,,,,,,,,,,,,,,,
32,не верили,глаголы интеллектуальной деятельности,1,,,,,,,,,,,,,,,
32,имели,глаголы обладания,1,,,,,,,,,,,,,,,
32,придали особого значения,глаголы интеллектуальной деятельности,1,,,,,,,,,,,,,,,
32,предали значения,глаголы интеллектуальной деятельности,1,,,,,,,,,,,,,,,
32,интересовало,глаголы выражения эмоций,1,,,,,,,,,,,,,,,
32,имеет,глаголы обладания,1,,,,,,,,,,,,,,,
32,придрались,глаголы речевой деятельности,1,,,,,,,,,,,,,,,
32,сказали,глаголы речевой деятельности,1,,,,,,,,,,,,,,,
32,приступали,глаголы начала деятельности,1,,,,,,,,,,,,,,,
32,придали значения,глаголы интеллектуальной деятельности,1,,,,,,,,,,,,,,,
32,уделяли внимания,глаголы интеллектуальной деятельности,1,,,,,,,,,,,,,,,
32,перечили,глаголы речевой деятельности,1,,,,,,,,,,,,,,,
32,верил,глаголы интеллектуальной деятельности,1,,,,,,,,,,,,,,,
33,передала,глаголы социального взаимодействия,24,,,,,,,,,,,,,,,
33,показала,глаголы социального взаимодействия,8,,,,,,,,,,,,,,,
33,уступила,глаголы социального взаимодействия,4,,,,,,,,,,,,,,,
33,спросила,глаголы речевой деятельности,2,,,,,,,,,,,,,,,
33,подвела,глаголы социального взаимодействия,1,,,,,,,,,,,,,,,
33,сказала,глаголы речевой деятельности,1,,,,,,,,,,,,,,,
33,привела,глаголы социального взаимодействия,1,,,,,,,,,,,,,,,
33,окликнув,глаголы речевой деятельности,1,,,,,,,,,,,,,,,
33,отдала,глаголы социального взаимодействия,1,,,,,,,,,,,,,,,
33,перенаправила,глаголы социального взаимодействия,1,,,,,,,,,,,,,,,
33,повела,глаголы социального взаимодействия,1,,,,,,,,,,,,,,,
33,отправила,глаголы социального взаимодействия,1,,,,,,,,,,,,,,,
34,пульс,часть тела,34,,,,,,,,,,,,,,,
34,нормальной,нормативная оценка,2,,,,,,,,,,,,,,,
34,зубы,часть тела,2,,,,,,,,,,,,,,,
34,давление,часть тела,2,,,,,,,,,,,,,,,
34,градусы,часть тела,1,,,,,,,,,,,,,,,
34,что-то,-,1,,,,,,,,,,,,,,,
34,рост,часть тела,1,,,,,,,,,,,,,,,
34,цифры,число,1,,,,,,,,,,,,,,,
34,горячим,характеристика температуры,1,,,,,,,,,,,,,,,
34,что,-,1,,,,,,,,,,,,,,,
34,до 10,число,1,,,,,,,,,,,,,,,
35,глаза,часть тела,39,,,,,,,,,,,,,,,
35,зрачки,часть тела,2,,,,,,,,,,,,,,,
35,горло,часть тела,2,,,,,,,,,,,,,,,
35,рот,часть тела,1,,,,,,,,,,,,,,,
35,газа,часть тела,1,,,,,,,,,,,,,,,
35,ноги,часть тела,1,,,,,,,,,,,,,,,
35,уши,часть тела,1,,,,,,,,,,,,,,,
36,помощь,виды социального взаимодействия,11,,,,,,,,,,,,,,,
36,смену,виды социального взаимодействия,25,,,,,,,,,,,,,,,
36,замену,виды социального взаимодействия,4,,,,,,,,,,,,,,,
36,место,место в пространстве,2,,,,,,,,,,,,,,,
36,посещение,виды социального взаимодействия,1,,,,,,,,,,,,,,,
36,миг,время,1,,,,,,,,,,,,,,,
36,встречу,виды социального взаимодействия,1,,,,,,,,,,,,,,,
36,третем,порядковое число,1,,,,,,,,,,,,,,,
36,ум,интеллект,1,,,,,,,,,,,,,,,
37,спину,часть тела,9,,,,,,,,,,,,,,,
37,руку,часть тела,15,,,,,,,,,,,,,,,
37,плечо,часть тела,2,,,,,,,,,,,,,,,
37,перчатках,инструмент,2,,,,,,,,,,,,,,,
37,ягодицу,часть тела,2,,,,,,,,,,,,,,,
37,тупым,внешняя характеристика объекта,2,,,,,,,,,,,,,,,
37,мыщцу,часть тела,1,,,,,,,,,,,,,,,
37,шприце,инструмент,1,,,,,,,,,,,,,,,
37,руки,часть тела,1,,,,,,,,,,,,,,,
37,туловище,часть тела,1,,,,,,,,,,,,,,,
37,палец,часть тела,1,,,,,,,,,,,,,,,
37,теле,часть тела,1,,,,,,,,,,,,,,,
37,ногу,часть тела,1,,,,,,,,,,,,,,,
37,шею,часть тела,1,,,,,,,,,,,,,,,
37,бок,часть тела,1,,,,,,,,,,,,,,,
37,нём,--,1,,,,,,,,,,,,,,,
37,бедро,часть тела,1,,,,,,,,,,,,,,,
37,вену,часть тела,1,,,,,,,,,,,,,,,
37,живот,часть тела,1,,,,,,,,,,,,,,,
38,коже,часть тела,7,,,,,,,,,,,,,,,
38,голой,внешний вид тела,8,,,,,,,,,,,,,,,
38,его,принадлежность,5,,,,,,,,,,,,,,,
38,волосатой,внешний вид тела,4,,,,,,,,,,,,,,,
38,спине и,часть тела,3,,,,,,,,,,,,,,,
38,открытой,внешний вид тела,2,,,,,,,,,,,,,,,
38,всей,-,2,,,,,,,,,,,,,,,
38,сильной,внешний вид тела,1,,,,,,,,,,,,,,,
38,гладкой,внешний вид тела,1,,,,,,,,,,,,,,,
38,обножонной,внешний вид тела,1,,,,,,,,,,,,,,,
38,коленях,часть тела,1,,,,,,,,,,,,,,,
38,груди,часть тела,1,,,,,,,,,,,,,,,
38,кололо,-,1,,,,,,,,,,,,,,,
38,широкой,внешний вид тела,1,,,,,,,,,,,,,,,
38,тощей,внешний вид тела,1,,,,,,,,,,,,,,,
38,впалой,внешний вид тела,1,,,,,,,,,,,,,,,
38,основании,часть тела,1,,,,,,,,,,,,,,,
38,языке,часть тела,1,,,,,,,,,,,,,,,
38,большой,внешний вид тела,1,,,,,,,,,,,,,,,
39,подпрыгивали,глаголы физиологического действия,8,,,,,,,,,,,,,,,
39,дёргались,глаголы физиологического действия,12,,,,,,,,,,,,,,,
39,вздрагивали,глаголы физиологического действия,3,,,,,,,,,,,,,,,
39,дрожали,глаголы физиологического действия,2,,,,,,,,,,,,,,,
39,онемели,глаголы физиологического действия,2,,,,,,,,,,,,,,,
39,поднимались,глаголы физиологического действия,2,,,,,,,,,,,,,,,
39,подскакивали,глаголы физиологического действия,2,,,,,,,,,,,,,,,
39,дёрнулись,глаголы физиологического действия,1,,,,,,,,,,,,,,,
39,забллели,глаголы качественного состояния,1,,,,,,,,,,,,,,,
39,легонько но нервически подёргивались,глаголы физиологического действия,1,,,,,,,,,,,,,,,
39,отекли,глаголы качественного состояния,1,,,,,,,,,,,,,,,
39,болели,глаголы качественного состояния,1,,,,,,,,,,,,,,,
39,ноги,часть тела,1,,,,,,,,,,,,,,,
39,заболели,глаголы качественного состояния,1,,,,,,,,,,,,,,,
39,легались,глаголы физиологического действия,1,,,,,,,,,,,,,,,
39,согибались,глаголы физиологического действия,1,,,,,,,,,,,,,,,
39,содрогались,глаголы физиологического действия,1,,,,,,,,,,,,,,,
39,дрыгались,глаголы физиологического действия,1,,,,,,,,,,,,,,,
39,прыгали,глаголы физиологического действия,1,,,,,,,,,,,,,,,
39,задрожали,глаголы физиологического действия,1,,,,,,,,,,,,,,,
39,подкосились,глаголы физиологического действия,1,,,,,,,,,,,,,,,
39,покраснели,глаголы качественного состояния,1,,,,,,,,,,,,,,,
39,тряслись,глаголы физиологического действия,1,,,,,,,,,,,,,,,
40,резиновые,материал,6,,,,,,,,,,,,,,,
40,странные,нормативная оценка,6,,,,,,,,,,,,,,,
40,металлические,материал,5,,,,,,,,,,,,,,,
40,железные,материал,4,,,,,,,,,,,,,,,
40,непонятные,нормативная оценка,4,,,,,,,,,,,,,,,
40,тугие,внешняя характеристика предмета ,2,,,,,,,,,,,,,,,
40,кожаные,материал,2,,,,,,,,,,,,,,,
40,холодные,характеристика температуры,1,,,,,,,,,,,,,,,
40,провода,электроприборы,1,,,,,,,,,,,,,,,
40,наручники,"предметы, сковывающие движения",1,,,,,,,,,,,,,,,
40,широкие,внешняя характеристика предмета по размеру,1,,,,,,,,,,,,,,,
40,ремешочки датчики и,"предметы, сковывающие движения",1,,,,,,,,,,,,,,,
40,тяжелые,внешняя характеристика предмета,1,,,,,,,,,,,,,,,
40,диковинные,нормативная оценка,1,,,,,,,,,,,,,,,
40,черные,цвет,1,,,,,,,,,,,,,,,
40,мягкие,внешняя характеристика предмета ,1,,,,,,,,,,,,,,,
40,кованные,материал,1,,,,,,,,,,,,,,,
40,кожанные,материал,1,,,,,,,,,,,,,,,
40,блестящие,внешняя характеристика предмета,1,,,,,,,,,,,,,,,
40,необычные,нормативная оценка,1,,,,,,,,,,,,,,,
40,цветные,цвет,1,,,,,,,,,,,,,,,
40,замысловатые,нормативная оценка,1,,,,,,,,,,,,,,,
40,огромные,внешняя характеристика предмета по размеру,1,,,,,,,,,,,,,,,
40,узкие,внешняя характеристика предмета,1,,,,,,,,,,,,,,,