id,text,number_in_text,number_of_gaps,word,lemma,pos,correct_guess,skipped,number_of_participants,frequency,predictability_type,dependency,head,word_before,pos_before,word_after,pos_after,semantics,synset_number,count_dependents,is_middle,count_dependents_new,is_middle_new,left_bigram,right_bigram,sum_bigram,max_bigram,token_frequency,left_frequency,right_frequency,correct_pos,correct_sem,pentagram
1,1,1,43,повернулся,повернуться,v,12,0,47,22659,local,ROOT,повернулся,Пилат,n,и,conj,глаголы изменения качества состояния объекта,['111038-V'],4,0,3,0,2,2627,2629,2627,11675,764,15068944,45,36,конвой Пилат повернулся и пошел
2,1,2,43,ступеням,ступень,n,9,2,47,15328,global,obl,пошел,к,prep,не,part,место в пространстве,['107202-N'],1,1,1,1,51,10,61,51,1879,2226472,6808764,44,42,назад к ступеням не глядя
3,1,3,43,шашек,шашка,n,5,3,47,5609,global,conj,что,разноцветных,adj,настила,n,форма,['135664-N'],2,1,2,1,1,1,2,1,401,1627,215,44,10,кроме разноцветных шашек настила под
4,1,4,43,спиною,спина,n,38,0,47,59363,local,nmod,него,за,prep,на,prep,часть тела,['109289-N'],2,1,2,1,667,24,691,667,2019,1546588,5973296,45,44,него за спиною на помост
5,1,5,43,финики,финик,n,4,11,47,549,global,conj,монеты,монеты,n,что,conj,объекты маленького размера,['144243-N'],2,1,1,1,1,1,2,1,211,3485,4480095,19,14,бронзовые монеты финики что в
6,1,6,43,чудо,чудо,n,26,3,47,30846,global,obj,увидеть,глазами,n,как,conj,чудо,['129540-N'],2,1,1,1,3,291,294,291,12103,75884,2494730,35,32,своими глазами чудо как человек
7,1,7,43,вырвался,вырваться,v,26,5,47,12912,local,acl,чудо,смерти,n,из,prep,Глаголы физического воздействия на объект,['117308-V'],2,1,1,1,3,780,783,780,2754,73077,1655122,42,39,руках смерти вырвался из этих
8,1,8,43,веревки,веревка,n,16,1,47,15480,global,obj,снимают,него,pron,невольно,adv,"объекты, сковывающие действия",['112567-N'],0,0,0,0,26,1,27,26,3725,438078,22916,46,29,с него веревки невольно причиняя
9,1,9,43,допросе,допрос,n,7,5,47,10376,global,obl,вывихнутых,на,prep,руках,n,процесс/действие выяснения обстоятельств,['5286-N'],1,1,1,1,777,1,778,777,1499,5973296,55594,38,8,вывихнутых на допросе руках как
10,1,10,43,сумасшедшей,сумасшедший,adj,4,3,47,14091,local,amod,улыбкой,бессмысленной,adj,улыбкой,n,психическое состояние,['120869-A'],0,0,0,0,1,5,6,5,680,1202,18945,42,11,улыбается бессмысленной сумасшедшей улыбкой Он
11,1,11,43,знал,знать,v,28,2,47,669628,local,ROOT,знал,Он,pron,что,conj,глаголы интеллектуальной деятельности,['128587-N'],4,0,3,0,9628,24746,34374,24746,92938,2622372,4480095,44,37,улыбкой Он знал что в
12,1,12,43,ступеням,ступень,n,5,4,47,15328,global,obl,ведет,боковым,adj,троих,num,место в пространстве,['107202-N'],2,1,2,1,1,1,2,1,1879,685,4457,42,40,к боковым ступеням троих со
13,1,13,43,дорогу,дорога,n,32,1,47,172197,local,obl,выводить,на,prep,ведущую,v,"Объект в пространстве, имеющий направление",['183-N'],4,1,4,1,6057,135,6192,6057,36630,5973296,1164,46,41,их на дорогу ведущую на
14,1,14,43,осужденных,осужденный,n,9,2,47,2584,global,obj,видеть,безопасности,n,он,pron,наименование групп лиц,['3972-N'],1,1,1,1,2,4,6,4,1247,19384,2622372,21,18,в безопасности осужденных он видеть
15,1,15,43,глашатаев,глашатай,n,13,8,47,328,global,nmod,выкрики,выкрики,n,повторявших,v,наименование групп лиц,['124382-N'],1,1,1,1,2,1,3,2,57,903,34,38,37,пронзительные выкрики глашатаев повторявших одни
16,1,16,43,греческом,греческий,adj,14,5,47,18340,global,amod,языках,на,prep,языках,n,Язык,['148143-A'],0,0,0,0,279,21,300,279,1012,5973296,5423,41,36,другие на греческом языках все
17,1,17,43,труба,труба,n,9,10,47,28664,global,conj,топот,и,conj,что-то,pron,музыкальный инструмент,['109251-N'],1,1,1,1,86,1,87,86,3422,15068944,167750,37,10,топот и труба что-то коротко
18,1,18,43,весело,весело,adv,6,1,47,35505,local,conj,коротко,и,conj,прокричавшая,v,эмоциональная характеристика,[],1,1,1,1,4834,1,4835,4834,32914,15068944,2,45,10,коротко и весело прокричавшая Этим
19,1,19,43,мальчишек,мальчишка,n,7,5,47,21214,local,nmod,свист,свист,n,с,prep,наименование групп лиц,['8444-N'],1,1,1,1,10,92,102,92,3099,3352,4342653,35,17,сверлящий свист мальчишек с кровель
20,1,20,43,Солдат,солдат,n,8,7,47,78467,global,nsubj,взмахнул,берегись,v,одиноко,adv,человек,['814-N'],1,1,1,1,0,1,1,1,35185,1214,3839,36,40,крики берегись Солдат одиноко стоявший
21,1,21,43,значком,значок,n,7,10,47,3446,global,obl,стоявший,со,prep,в,prep,символ власти,['107541-N'],2,1,2,1,116,22,138,116,408,455710,11436263,37,28,площади со значком в руке
22,1,22,43,остановились,остановиться,v,10,11,47,73451,local,conj,взмахнул,конвой,n,Кавалерийская,adj,глаголы прекращения состояния,['106615-V'],4,1,3,1,1,0,1,1,12267,1501,475,34,15,и конвой остановились Кавалерийская ала
23,1,23,43,вылетела,вылететь,v,6,0,47,7328,local,ROOT,вылетела,рыси,n,на,prep,глаголы однонаправленного движения,['124600-V'],3,1,2,1,1,96,97,96,1099,420,5973296,46,33,шире рыси вылетела на площадь
24,1,24,43,каменной,каменный,adj,12,7,47,33243,local,amod,стеной,под,prep,стеной,n,материал,['108698-A'],0,0,0,0,38,331,369,331,4231,438635,6747,38,14,переулку под каменной стеной по
25,1,25,43,виноград,виноград,n,7,12,47,5488,local,nsubj,стлался,стлался,v,кратчайшей,adj,растение,['144175-N'],1,1,1,1,1,1,2,1,2121,275,117,34,14,которой стлался виноград кратчайшей -
26,1,26,43,дорогой,дорога,n,32,8,47,172197,local,obl,проскакать,кратчайшей,adj,проскакать,v,"объект в пространстве, имеющий направление",['183-N'],3,1,2,1,40,1,41,40,28400,117,105,39,35,- кратчайшей дорогой проскакать к
27,1,27,43,мальчик,мальчик,n,5,13,47,71967,local,obl,маленький,как,conj,темный,adj,человек,['8444-N'],2,1,1,1,470,1,471,470,32316,2494730,7118,33,11,маленький как мальчик темный как
28,1,28,43,командир,командир,n,9,16,47,44701,global,nsubj,выкрикнул,мулат,n,алы,n,военный,['112315-N'],3,1,2,1,1,2,3,2,16663,144,45,24,16,как мулат командир алы сириец
29,1,29,43,выхватил,выхватить,v,16,2,47,4584,local,conj,выкрикнул,и,conj,из,prep,Глаголы воздействия на объект,['110911-V'],2,1,2,1,178,573,751,573,2340,15068944,1655122,45,45,выкрикнул и выхватил из ножен
30,1,30,43,взмокшая,взмокнуть,v,6,15,47,738,local,amod,лошадь,вороная,adj,лошадь,n,физическое состояние,['117767-V'],0,0,0,0,1,1,2,1,21,101,23704,13,8,Злая вороная взмокшая лошадь -
31,1,31,43,шарахнулась,шарахнуться,v,6,11,47,1247,local,ROOT,шарахнулась,лошадь,n,поднялась,v,глаголы движения,['117852-V'],4,0,3,0,18,1,19,18,349,23704,9775,25,10,- лошадь шарахнулась поднялась на
32,1,32,43,командир,командир,n,7,3,47,44701,global,nsubj,ударил,ножны,n,ударил,v,человек,['112315-N'],0,0,0,0,1,3,4,3,16663,521,11516,32,41,в ножны командир ударил плетью
33,1,33,43,шее,шея,n,7,3,47,36216,local,nmod,лошадь,по,prep,выровнял,v,часть тела,['108125-N'],1,1,1,1,1306,1,1307,1306,8817,2168560,137,42,29,лошадь по шее выровнял ее
34,1,34,43,полетели,полететь,v,6,3,47,11565,local,ROOT,полетели,ряд,n,всадники,n,глаголы движения,['107446-V'],8,0,7,0,1,1,2,1,2604,34946,1565,42,40,в ряд полетели всадники в
35,1,35,43,туче,туча,n,6,4,47,16300,local,obl,полетели,в,prep,пыли,n,газообразное,['117179-N'],2,1,2,1,86,21,107,86,275,11436263,9796,31,20,всадники в туче пыли запрыгали
36,1,36,43,пик,пика,n,7,5,47,2685,global,nmod,кончики,бамбуковых,adj,мимо,prep,оружие,['114337-N'],2,1,2,1,1,1,2,1,2457,156,48688,42,18,легких бамбуковых пик мимо прокуратора
37,1,37,43,весело,весело,adv,6,9,47,35505,local,advmod,оскаленными,с,prep,оскаленными,v,эмоциональное состояние,[],0,0,0,0,29,2,31,29,32914,4342653,176,19,19,лица с весело оскаленными -
38,1,38,43,сверкающими,сверкать,v,8,8,47,15195,local,conj,оскаленными,оскаленными,v,зубами,n,внешняя характеристика объекта,['113003-V'],1,1,0,0,1,9,10,9,696,176,9457,12,13,- оскаленными сверкающими зубами Поднимая
39,1,39,43,солдат,солдат,n,6,9,47,78467,global,nsubj,проскакал,проскакал,v,с,prep,военный,['814-N'],1,1,1,1,1,1212,1213,1212,35185,326,4342653,32,26,последним проскакал солдат с пылающей
40,1,40,43,трубою,труба,n,6,16,47,28664,global,nmod,солдат,солнце,n,за,prep,музыкальный инструмент,['109251-N'],3,1,3,1,1,1,2,1,221,51246,1546588,29,6,на солнце трубою за спиной
41,1,41,43,морща,морщить,v,24,2,47,953,local,conj,закрываясь,недовольно,adv,лицо,n,глаголы физиологического действия,['117735-V'],2,1,2,1,4,14,18,14,301,3934,127292,43,38,и недовольно морща лицо Пилат
42,1,42,43,двинулся,двинуться,v,11,3,47,16417,local,ROOT,двинулся,Пилат,n,дальше,adv,глаголы однонаправленного движения,['115136-V'],7,0,6,0,1,339,340,339,5676,764,85448,44,37,лицо Пилат двинулся дальше устремляясь
43,1,43,43,двинулся,двинуться,v,9,4,47,16417,local,conj,двинулся,ним,pron,легат,n,глаголы однонаправленного движения,['115136-V'],4,1,3,1,18,1,19,18,5676,248958,305,38,29,за ним двинулся легат секретарь
44,2,1,40,пустому,пустой,adj,9,2,48,51790,local,amod,коридору,по,prep,и,conj,характеристика помещения,['118245-A'],1,1,1,1,351,21,372,351,698,2168560,15068944,29,28,повели по пустому и беззвучному
45,2,2,40,коридору,коридор,n,38,0,48,33464,local,obl,повели,беззвучному,adj,и,conj,часть помещения,['140764-N'],2,1,2,1,1,520,521,520,5438,13,15068944,48,44,и беззвучному коридору и привели
46,2,3,40,здании,здание,n,5,0,48,45682,local,obl,есть,оборудованном,v,с,prep,помещение,['2526-N'],2,1,2,1,1,85,86,85,4822,115,4342653,48,45,диво оборудованном здании с иронией
47,2,4,40,стеклянные,стеклянный,adj,5,1,48,12226,global,amod,шкафики,и,conj,шкафики,n,материал,['137243-A'],0,0,0,0,85,2,87,85,1945,15068944,21,41,5,шкафы и стеклянные шкафики с
48,2,5,40,инструментами,инструмент,n,8,1,48,19873,global,nmod,шкафики,никелированными,adj,Были,v,инструменты,['139389-N'],3,1,3,1,3,3,6,3,1301,120,519206,47,12,блестящими никелированными инструментами Были -
49,2,6,40,кресла,кресло,n,5,3,48,33566,local,nsubj,Были,Были,v,необыкновенно,adv,предмет мебели,['107296-N'],3,1,3,1,14,2,16,14,8234,519206,9183,40,10,- Были кресла необыкновенно сложного
50,2,7,40,колпаками,колпак,n,5,3,48,3939,local,nmod,лампы,сияющими,v,множество,n,освещение,['113933-N'],2,1,2,1,1,1,2,1,152,473,31130,45,34,с сияющими колпаками множество склянок
51,2,8,40,провода,провод,n,5,2,48,9551,local,conj,кресла,электрические,adj,и,conj,электроприборы,['113623-N'],3,1,2,1,60,245,305,245,3042,2182,15068944,45,31,и электрические провода и совершенно
52,2,9,40,принялись,приняться,v,5,2,48,28161,local,ROOT,принялись,Ивана,n,трое,num,глаголы физического воздействия на объект,['118700-V'],5,0,4,0,2,2,4,2,5819,21565,18144,46,25,за Ивана принялись трое две
53,2,10,40,столик,столик,n,4,1,48,18936,local,obl,отвели,за,prep,с,prep,предмет мебели,['107294-N'],3,1,2,1,647,371,1018,647,5747,1546588,4342653,46,43,уголок за столик с явною
54,2,11,40,обдумывать,обдумывать,v,16,1,48,4101,local,ROOT,обдумывать,стал,v,положение,n,глаголы интеллектуальной деятельности,['107490-V'],1,1,1,1,100,6,106,100,749,167482,52562,43,36,Иван стал обдумывать положение Перед
55,2,12,40,соблазнял,соблазнять,v,5,0,48,1813,global,ROOT,соблазнял,Чрезвычайно,adv,первый,num,глаголы приведения в эмоциональное состояние,['120855-V'],4,0,3,0,1,1,2,1,212,28093,119477,14,10,пути Чрезвычайно соблазнял первый кинуться
56,2,13,40,замысловатые,замысловатый,adj,5,1,48,1893,global,amod,вещицы,и,conj,вещицы,n,нормативная оценка,['119013-A'],0,0,0,0,37,1,38,37,452,15068944,536,31,22,лампы и замысловатые вещицы и
57,2,14,40,задержан,задержать,v,6,3,48,15199,global,acl,то,он,pron,зря,adv,глаголы удержания,['142663-V'],4,1,3,1,36,1,37,36,2003,2622372,15315,30,6,что он задержан зря Но
58,2,15,40,сегодняшний,сегодняшний,adj,6,1,48,20670,global,amod,Иван,Но,conj,Иван,n,время,[],0,0,0,0,32,1,33,32,6181,2141006,61145,42,37,зря Но сегодняшний Иван уже
59,2,16,40,вчерашнего,вчерашний,adj,6,2,48,17776,global,amod,Ивана,Ивана,n,и,conj,время,['119422-A'],0,0,0,0,1,87,88,87,4900,21565,15068944,42,40,от Ивана вчерашнего и первый
60,2,17,40,сомнительным,сомнительный,adj,7,1,48,6638,local,xcomp,показался,ему,pron,чего,pron,прилагательные оценки,['119348-A'],2,1,1,1,5,1,6,5,682,620565,181857,42,38,показался ему сомнительным чего доброго
61,2,18,40,сумасшедший,сумасшедший,n,11,3,48,14091,global,acl,мысли,буйный,adj,Поэтому,conj,больной человек,['120869-A'],4,1,3,1,2,1,3,2,4704,645,114085,33,26,он буйный сумасшедший Поэтому первый
62,2,19,40,повествование,повествование,n,2,1,48,5404,local,obj,начать,начать,v,о,prep,речь,['107658-N'],1,1,1,1,8,318,326,318,1866,17587,1431882,16,14,немедленно начать повествование о консультанте
63,2,20,40,вчерашний,вчерашний,adj,5,3,48,17776,global,amod,опыт,Однако,conj,опыт,n,время,['119422-A'],0,0,0,0,3,7,10,7,3380,180152,29077,43,30,Пилате Однако вчерашний опыт показал
64,2,21,40,извращенно,извращенно,adv,4,6,48,43,local,advmod,понимают,как-то,pron,Поэтому,conj,нормативная оценка,[],1,1,1,1,3,0,3,3,49,85947,114085,39,26,его как-то извращенно Поэтому Иван
65,2,22,40,замкнуться,замкнуться,v,6,2,48,1505,local,parataxis,третий,третий,num,в,prep,глаголы состояния,['123736-V'],1,1,1,1,1,88,89,88,190,32810,11436263,41,38,избрать третий замкнуться в гордом
66,2,23,40,осуществить,осуществить,v,9,1,48,11369,local,csubj,удалось,этого,pron,не,part,глаголы деятельности,['106494-V'],1,1,1,1,7,56,63,56,5597,407759,6808764,42,33,Полностью этого осуществить не удалось
67,2,24,40,вопросов,вопрос,n,44,2,48,263259,local,nmod,ряд,ряд,n,И,conj,речь,['107255-N'],0,0,0,0,550,1289,1839,1289,20836,34946,15068944,46,44,целый ряд вопросов И у
68,2,25,40,выспросили,выспросить,v,6,2,48,259,local,ROOT,выспросили,Ивана,n,решительно,adv,глаголы речевой деятельности,['117189-V'],5,0,4,0,1,1,2,1,11,21565,25939,41,32,у Ивана выспросили решительно все
69,2,26,40,жизни,жизнь,n,43,2,48,552534,local,nmod,все,прошлой,adj,вплоть,adv,жизнь,['114189-N'],3,1,3,1,706,27,733,706,298294,6034,11122,46,43,его прошлой жизни вплоть до
70,2,27,40,страницу,страница,n,23,1,48,77955,local,obj,Исписав,целую,adj,перевернули,v,бумага,['113869-N'],1,1,1,1,100,2,102,100,3306,17122,471,47,42,Иваном целую страницу перевернули ее
71,2,28,40,родственниках,родственник,n,7,2,48,23303,local,nmod,расспросам,о,prep,Ивана,n,семья,['3231-N'],2,1,2,1,77,1,78,77,294,1431882,21565,45,12,расспросам о родственниках Ивана Началась
72,2,29,40,умер,умереть,v,9,5,48,84102,local,parataxis,Началась,кто,pron,когда,pron,глаголы бытия,['111612-V'],4,1,4,1,189,149,338,189,31608,307753,790959,25,11,канитель кто умер когда да
73,2,30,40,пил,пить,v,7,6,48,82554,local,conj,умер,не,part,ли,part,глаголы физиологического действия,['117709-V'],5,1,4,1,1844,24,1868,1844,12730,6808764,470800,37,8,отчего не пил ли не
74,2,31,40,вчерашнем,вчерашний,adj,7,4,48,17776,global,amod,происшествии,о,prep,происшествии,n,время,['119422-A'],0,0,0,0,590,29,619,590,1183,1431882,1239,38,24,рассказать о вчерашнем происшествии на
75,2,32,40,удивлялись,удивляться,v,5,5,48,21451,local,conj,попросили,не,part,Тут,adv,глаголы выражения эмоций,['106680-V'],5,1,4,1,112,0,112,112,1862,6808764,310002,43,12,Пилате не удивлялись Тут женщина
76,2,33,40,уступила,уступить,v,4,2,48,11443,local,ROOT,уступила,женщина,n,Ивана,n,глаголы социального взаимодействия,['123585-V'],7,0,6,0,3,1,4,3,892,63856,21565,46,42,Тут женщина уступила Ивана мужчине
77,2,34,40,пульс,пульс,n,34,1,48,3558,global,obj,посчитал,посчитал,v,посмотрел,v,часть тела,['128456-N'],0,0,0,0,14,6,20,14,2492,963,33564,42,40,тела посчитал пульс посмотрел Ивану
78,2,35,40,глаза,глаз,n,40,1,48,379669,local,nmod,Ивану,в,prep,светя,v,часть тела,['106917-N'],1,1,1,1,23392,1,23393,23392,180352,11436263,150,47,47,Ивану в глаза светя в
79,2,36,40,помощь,помощь,n,11,1,48,100778,local,obl,пришла,на,prep,мужчине,n,виды социального взаимодействия,['106472-N'],2,1,2,1,9798,1,9799,9798,30403,5973296,2500,47,42,Затем на помощь мужчине пришла
80,2,37,40,спину,спина,n,9,3,48,59363,local,nmod,Ивана,в,prep,рисовали,v,часть тела,['109289-N'],1,1,1,1,3928,1,3929,3928,16260,11436263,970,42,39,чем-то в спину рисовали у
81,2,38,40,коже,кожа,n,7,5,48,30524,local,nmod,него,на,prep,груди,n,часть тела,['107269-N'],2,1,2,1,584,4,588,584,2974,5973296,29578,15,14,знаки на коже груди стучали
82,2,39,40,подпрыгивали,подпрыгивать,v,8,1,48,2796,local,parataxis,стучали,Ивана,n,кололи,v,глаголы физиологического действия,['114659-V'],3,1,2,1,1,1,2,1,231,21565,594,46,41,ноги Ивана подпрыгивали кололи палец
83,2,40,40,резиновые,резиновый,adj,6,2,48,5689,local,amod,браслеты,какие-то,pron,браслеты,n,материал,['913-A'],0,0,0,0,8,2,10,8,1239,40096,761,42,19,руки какие-то резиновые браслеты -
84,3,1,35,молитва,молитва,n,4,6,47,29676,local,nsubj,может,дальше,adv,может,v,речь,['7553-N'],0,0,0,0,1,19,20,19,4719,85448,492509,34,23,что дальше молитва может перейти
85,3,2,35,бога,бог,n,3,2,47,228341,local,obj,оскорбить,оскорбить,v,в,prep,Бог,['113701-N'],0,0,0,0,0,1169,1169,1169,49708,1534,11436263,32,4,побоялся оскорбить бога в минуту
86,3,3,35,милосердии,милосердие,n,1,1,47,6927,local,conj,сострадании,и,conj,Сама,pron,эмоции,['117974-N'],1,1,1,1,36,0,36,36,329,15068944,91579,45,7,сострадании и милосердии Сама мысль
87,3,4,35,угрозы,угроза,n,2,1,47,19574,local,nmod,тень,тень,n,он,pron,речь,['106547-N'],0,0,0,0,2,17,19,17,4867,13958,2622372,48,4,даже тень угрозы он снова
88,3,5,35,расположенной,расположенный,adj,3,2,47,21658,local,amod,Ариции,Ариции,n,на,prep,глаголы состояния,['106584-A'],2,1,1,1,0,266,266,266,1175,1,5973296,8,22,стены Ариции расположенной на полпути
89,3,6,35,время,время,n,42,0,47,795276,local,obl,промчался,какое-то,pron,он,pron,время,['106723-N'],2,1,2,1,4433,5798,10231,5798,533518,26496,2622372,47,47,Через какое-то время он промчался
90,3,7,35,города,город,n,13,5,47,281893,local,nmod,роще,около,prep,Здесь,adv,место в пространстве,['242-N'],1,1,1,1,174,41,215,174,77001,125515,321689,42,17,роще около города Здесь видимо
91,3,8,35,движение,движение,n,2,2,47,106182,local,nsubj,было,необычное,adj,Пролетая,v,движение,['3142-N'],1,1,1,1,13,0,13,13,32845,1610,359,43,10,было необычное движение Пролетая мимо
92,3,9,35,колоннами,колонна,n,22,5,47,19013,local,conj,ступенях,между,prep,группы,n,часть сооружения,['108659-N'],3,1,3,1,129,0,129,129,2419,288341,34018,36,30,и между колоннами группы людей
93,3,10,35,защиту,защита,n,7,3,47,36400,local,obl,тянущихся,под,prep,божества,n,Виды социального взаимодействия,['106595-N'],2,1,2,1,509,0,509,509,9835,438635,2497,44,10,тянущихся под защиту божества Дорога
94,3,11,35,направлялось,направляться,v,2,1,47,7952,global,ROOT,направлялось,людей,n,в,prep,глаголы однонаправленного движения,['116035-V'],6,0,5,0,0,15,15,15,142,205003,11436263,45,22,Множество людей направлялось в рощу
95,3,12,35,тропинками,тропинка,n,7,2,47,7941,local,obl,направлялось,боковыми,adj,но,conj,"Пространство, имеющее направление",['109217-N'],1,1,1,1,0,0,0,0,219,441,2141006,45,40,рощу боковыми тропинками но и
96,3,13,35,кучки,кучка,n,1,3,47,7294,global,nsubj,толпились,встревоженные,adj,поспешно,adv,наименования групп лиц,['107161-N'],2,1,2,1,1,0,1,1,1860,473,9680,43,44,толпились встревоженные кучки поспешно расступавшиеся
97,3,14,35,города,город,n,8,2,47,281893,global,obl,доносился,Из,prep,доносился,v,место в пространстве,['242-N'],1,1,1,1,7237,9,7246,7237,77001,1655122,1985,43,12,всадником Из города доносился гул
98,3,15,35,город,город,n,10,3,47,281893,global,obl,ворвался,в,prep,сбил,v,место в пространстве,['242-N'],1,1,1,1,18901,0,18901,18901,74415,11436263,1789,43,10,ворвался в город сбил с
99,3,16,35,оглушили,оглушить,v,15,4,47,2483,local,ROOT,оглушили,его,pron,крики,n,Глаголы воздействия на объект,['130610-V'],6,0,5,0,10,0,10,10,158,2008842,9658,36,21,сразу его оглушили крики Рим
100,3,17,35,Город,город,n,19,2,47,281893,global,nsubj,огне,горит,v,в,prep,место в пространстве,['242-N'],0,0,0,0,8,2550,2558,2550,74415,7662,11436263,42,41,Рим горит Город в огне
101,3,18,35,Боги,бог,n,11,2,47,228341,global,vocative,спасите,огне,n,спасите,v,Бог,['113701-N'],3,0,2,0,0,1,1,1,3979,3982,1247,26,12,в огне Боги спасите Рим
102,3,19,35,мощной,мощный,adj,1,3,47,20762,local,amod,рукой,удерживаемый,v,рукой,n,характеристика силы,['120119-A'],0,0,0,0,0,30,30,30,2058,87,52923,42,22,и удерживаемый мощной рукой осел
103,3,20,35,постоялым,постоялый,adj,9,9,47,2736,local,amod,двором,перед,prep,двором,n,вид пространства,[],0,0,0,0,1,38,39,38,72,243623,1781,37,26,ноги перед постоялым двором где
104,3,21,35,господина,господин,n,10,1,47,122586,local,nmod,приезда,приезда,n,стояли,v,наименование человека по статусу,['125654-N'],8,0,6,0,5,0,5,5,10940,7786,36790,42,28,ожидая приезда господина стояли у
105,3,22,35,приказанию,приказание,n,3,2,47,13975,local,obl,бросились,его,pron,бросились,v,Приказ,['125550-N'],2,1,2,1,224,0,224,224,2925,2008842,7453,45,31,по его приказанию бросились наперегонки
106,3,23,35,конных,конный,adj,6,10,47,9675,global,amod,преторианцев,десяти,num,преторианцев,n,виды военных групп,['113643-A'],0,0,0,0,5,0,5,5,1479,17211,66,21,16,из десяти конных преторианцев видимо
107,3,24,35,направлявшихся,направляться,v,2,6,47,7952,local,acl,преторианцев,видимо,adv,с,prep,глаголы однонаправленного движения,['116035-V'],8,0,7,0,0,1,1,1,107,43059,4342653,38,26,преторианцев видимо направлявшихся с вестями
108,3,25,35,города,город,n,5,10,47,281893,global,obl,направлявшихся,из,prep,в,prep,место в пространстве,['242-N'],2,1,2,1,7237,3105,10342,7237,77001,1655122,11436263,37,34,вестями из города в Анций
109,3,26,35,спрашивать,спрашивать,v,9,2,47,86487,local,xcomp,начал,начал,v,Какая,pron,глаголы речевой деятельности,['107256-V'],0,0,0,0,113,11,124,113,7856,75805,64037,36,37,ним начал спрашивать Какая часть
110,3,27,35,города,город,n,12,1,47,281893,global,nmod,часть,часть,n,горит,v,место в пространстве,['242-N'],0,0,0,0,701,1,702,701,77001,95311,7662,46,40,Какая часть города горит Пожар
111,3,28,35,господин,господин,n,14,6,47,122586,local,vocative,начался,Пожар,n,начался,v,наименование человека по статусу,['140702-N'],1,1,0,0,0,0,0,0,31121,7771,12010,24,16,горит Пожар господин начался в
112,3,29,35,Большого,большой,adj,5,9,47,387965,local,amod,Цирка,возле,prep,Цирка,n,характеристика размера,['114019-A'],0,0,0,0,74,53,127,74,27582,37714,2502,26,5,лавках возле Большого Цирка Когда
113,3,30,35,города,город,n,23,7,47,281893,global,nmod,центр,центр,n,А,conj,место в пространстве,['242-N'],0,0,0,0,514,873,1387,873,77001,17791,3055375,40,35,был центр города А Заречье
114,3,31,35,пламя,пламя,n,29,2,47,13689,global,nsubj,дошло,Туда,adv,еще,adv,огонь,['113412-N'],0,0,0,0,0,13,13,13,6777,78258,935320,39,36,Заречье Туда пламя еще не
115,3,32,35,новые,новый,adj,4,1,47,448447,local,amod,кварталы,сметает,v,кварталы,n,время относительно момента речи,['146685-A'],0,0,0,0,0,31,31,31,61529,178,1019,42,4,силой сметает новые кварталы Люди
116,3,33,35,дыма,дым,n,29,2,47,26667,local,conj,огня,от,prep,любое,pron,последствие пожара,['111878-N'],2,1,2,1,660,0,660,660,7710,1447167,8042,44,42,и от дыма любое спасение
117,3,34,35,подвели,подвести,v,13,0,47,11043,local,ROOT,подвели,Виницию,n,нового,adj,глаголы перемещения объект,['142046-V'],5,0,4,0,0,1,1,1,1296,0,54536,47,43,миг Виницию подвели нового коня
118,3,35,35,вскочил,вскочить,v,25,0,47,20056,local,ROOT,вскочил,трибун,n,на,prep,глаголы действия над конем,['116517-V'],5,0,4,0,0,2081,2081,2081,11154,762,5973296,47,45,Молодой трибун вскочил на него
119,4,1,44,появлялся,появляться,v,16,2,66,36676,local,ROOT,появлялся,не,part,Виниций,n,глаголы бытия,['111329-V'],6,0,5,0,922,0,922,922,3706,6808764,1,64,18,долго не появлялся Виниций уже
120,4,2,44,думать,думать,v,8,2,66,315578,local,ccomp,знал,что,pron,Напрасно,adv,глаголы интеллектуальной деятельности,['118487-V'],2,1,1,1,403,1,404,403,47033,4480095,18223,63,10,знал что думать Напрасно он
121,4,3,44,не торопясь,торопиться,v,4,4,66,19907,local,advcl,вести,вести,v,Пылкая,adj,Качество работы,['117943-V'],1,1,1,1,0,0,0,0,3143,36804,342,5,23,надо вести не_торопясь Пылкая его
122,4,4,44,кровь,кровь,n,5,6,66,76948,local,nsubj,противились,его,pron,порывистая,adj,Часть тела,['8243-N'],3,1,3,1,294,0,294,294,32526,2008842,121,58,7,Пылкая его кровь порывистая натура
123,4,5,44,разума,разум,n,51,4,66,25444,local,nmod,голосу,голосу,n,Хождение,n,Разум,['115479-N'],0,0,0,0,32,0,32,32,8727,3981,1452,57,52,противились голосу разума Хождение по
124,4,6,44,городским,городской,adj,8,3,66,47274,global,amod,закоулкам,по,prep,закоулкам,n,характеристика по местоположению,['242-A'],0,0,0,0,272,3,275,272,2329,2168560,344,51,8,Хождение по городским закоулкам в
125,4,7,44,раба,раб,n,4,13,66,16357,global,nmod,плаще,плаще,n,было,v,человек,['126384-N'],0,0,0,0,0,1,1,1,3169,1777,1203864,37,10,темном плаще раба было явно
126,4,8,44,бывалые,бывалый,adj,7,11,66,2175,global,amod,люди,люди,n,вели,v,человек по отношению к труду,['124813-A'],0,0,0,0,49,0,49,49,379,206114,12004,43,22,его люди бывалые вели по
127,4,9,44,дельными,дельный,adj,6,2,66,3344,global,xcomp,оказывались,менее,adv,чем,conj,прагматическая оценка,['150121-A'],1,1,1,1,0,0,0,0,82,85140,412074,50,37,куда менее дельными чем Хилон
128,4,10,44,любовью,любовь,n,17,6,66,138917,global,obl,азарт,с,prep,к,prep,эмоции и чувства,['106652-N'],1,1,1,1,2770,2188,4958,2770,15399,4342653,2226472,43,34,вместе с любовью к Лигии
129,4,11,44,жаждущего,жаждать,v,6,2,66,5461,global,acl,игрока,игрока,n,выиграть,v,Желание,['106927-V'],2,1,1,1,1,0,1,1,167,1794,2728,24,47,азарт игрока жаждущего выиграть С
130,4,12,44,юных,юный,adj,6,1,66,20250,local,amod,лет,С,prep,лет,n,возраст,['116723-A'],0,0,0,0,414,557,971,557,3192,4342653,272971,48,65,выиграть С юных лет он
131,4,13,44,понимающего,понимать,v,12,3,66,185057,global,acl,человека,не,part,что,conj,глаголы интеллектуальной деятельности,['106678-V'],3,1,2,1,115,31,146,115,403,6808764,4480095,59,45,человека не понимающего что его
132,4,14,44,отказаться,отказаться,v,41,4,66,43199,local,csubj,придется,чего-то,pron,Правда,adv,глаголы прекращения бытия,['128181-V'],1,1,1,1,8,1,9,8,11700,17754,106501,61,54,от чего-то отказаться Правда -
133,4,15,44,военная,военный,adj,6,4,66,112155,global,amod,дисциплина,Правда,adv,дисциплина,n,военная служба,['791-A'],0,0,0,0,3,61,64,61,4998,106501,2660,57,9,- Правда военная дисциплина на
134,4,16,44,своеволие,своеволие,n,3,1,66,998,global,obj,усмирила,его,pron,но,conj,характер человека,['130136-N'],1,1,1,1,3,3,6,3,421,2008842,2141006,65,20,усмирила его своеволие но заодно
135,4,17,44,приказ,приказ,n,45,3,66,34600,-,nsubj,исполнен,всякий,pron,нижестоящим,v,приказ,['107371-N'],2,1,2,1,7,0,7,7,15851,38853,43,62,46,что всякий приказ нижестоящим должен
136,4,18,44,пребывание,пребывание,n,26,2,66,17109,global,nsubj,укрепило,долгое,adj,на,prep,бытие,['115786-N'],6,1,5,1,90,413,503,413,4699,9759,5973296,64,36,а долгое пребывание на Востоке
137,4,19,44,покорности,покорность,n,7,1,66,3950,global,obl,привычных,рабской,adj,лишь,part,характер,['118965-N'],2,1,2,1,29,0,29,29,1461,338,187778,65,10,к рабской покорности лишь укрепило
138,4,20,44,пределов,предел,n,9,1,66,41722,local,nsubj,нет,нет,part,Поэтому,conj,ограничение,['106514-N'],0,0,0,0,91,0,91,91,3930,521421,114085,63,42,хочу нет пределов Поэтому тяжко
139,4,21,44,страдало,страдать,v,20,9,66,27186,global,ROOT,страдало,тяжко,adv,теперь,adv,глаголы выражения эмотивного состояния,['116929-V'],6,0,5,0,0,0,0,0,366,4519,421680,52,29,Поэтому тяжко страдало теперь и
140,4,22,44,бегстве,бегство,n,4,8,66,7638,global,conj,препятствиях,самом,adj,Лигии,n,исчезновение,['120826-N'],4,1,3,1,2,0,2,2,819,99182,3,50,8,в самом бегстве Лигии было
141,4,23,44,загадка,загадка,n,35,3,66,9377,global,appos,нечто,какая-то,pron,над,prep,неясное,['140718-N'],3,1,2,1,35,2,37,35,2797,30598,232397,63,54,непонятное какая-то загадка над которой
142,4,24,44,ломал,ломать,v,54,3,66,10928,local,acl,загадка,мучительно,adv,себе,pron,глаголы воздействия на объект,['132185-V'],6,1,5,1,3,125,128,125,1289,6528,342313,63,61,он мучительно ломал себе голову
143,4,25,44,правду,правда,n,33,6,66,156298,local,obj,сказала,сказала,v,и,conj,правда,[],0,0,0,0,85,1420,1505,1420,22907,125764,15068944,46,34,Акта сказала правду и что
144,4,26,44,безразличен,безразличный,adj,17,6,66,4264,global,conj,сказала,был,v,Но,conj,глаголы взаимоотношений,['137786-A'],6,1,6,1,43,9,52,43,408,883146,2141006,5,44,не был безразличен Но если
145,4,27,44,любви,любовь,n,16,6,66,138917,-,iobj,предпочла,его,pron,его,pron,чувства и эмоции,['106652-N'],1,1,1,1,570,193,763,570,58865,2008842,2008842,59,19,нищету его любви его -
146,4,28,44,ласкам,ласка,n,7,8,66,9831,global,conj,любви,его,pron,пребыванию,n,выражение чувств,['117883-N'],2,1,1,1,25,0,25,25,186,2008842,250,55,15,- его ласкам пребыванию в
147,4,29,44,роскошном,роскошный,adj,11,5,66,11389,global,amod,доме,его,pron,доме,n,эстетическая характеристика,['125556-A'],0,0,0,0,10,32,42,32,695,2008842,63180,57,23,в его роскошном доме Ответа
148,4,30,44,вопрос,вопрос,n,63,2,66,263259,local,nmod,Ответа,этот,pron,он,pron,речь,['107255-N'],2,1,2,1,11719,377,12096,11719,116397,340342,2622372,63,63,на этот вопрос он не
149,4,31,44,ощущать,ощущать,v,5,2,66,19804,local,xcomp,начинал,смутно,adv,что,conj,глаголы восприятия,['106915-V'],2,1,2,1,3,116,119,116,2293,6311,4480095,64,5,начинал смутно ощущать что между
150,4,32,44,пропасть,пропасть,n,23,3,66,36253,local,obl,глубокое,как,conj,которую,pron,углубление,['139825-N'],3,1,2,1,40,26,66,40,6643,2494730,100358,63,55,глубокое как пропасть которую ему
151,4,33,44,потеряет,потерять,v,13,3,66,52063,local,ccomp,казалось,Лигию,n,и,conj,глаголы владения,['116388-V'],4,1,3,1,0,33,33,33,1612,0,15068944,61,14,он Лигию потеряет и при
152,4,34,44,хладнокровия,хладнокровие,n,7,2,66,1477,global,nmod,остатки,остатки,n,которые,pron,характер,['107338-N'],0,0,0,0,1,1,2,1,192,11079,330551,64,12,те остатки хладнокровия которые пытался
153,4,35,44,любит,любить,v,56,2,66,211585,global,xcomp,знал,знал,v,он,pron,глаголы выражения эмотивного состояния,['117722-V'],3,1,2,1,2,421,423,421,33514,92938,2622372,59,56,не знал любит он Лигию
154,4,36,44,понимал,понимать,v,19,4,66,185057,local,conj,знал,а,conj,лишь,part,глаголы интеллектуальной деятельности,['106678-V'],3,1,2,1,16,26,42,26,23521,3055375,187778,51,38,ненавидит а понимал лишь то
155,4,37,44,найти,найти,v,15,6,66,180228,global,xcomp,должен,ее,pron,и,conj,глаголы воздействия на объект,['118282-V'],1,1,1,1,256,1414,1670,1414,45919,930574,15068944,60,37,должен ее найти и предпочел
156,4,38,44,воображении,воображение,n,21,9,66,19352,global,obl,видел,В,prep,своем,pron,интеллект,['120104-N'],1,1,1,1,1419,56,1475,1419,3395,11436263,89518,52,31,ею В воображении своем Виниций
157,4,39,44,вспоминал,вспоминать,v,8,3,66,46488,local,parataxis,видел,он,pron,каждое,pron,глаголы интеллектуальной деятельности,['118499-V'],3,1,3,1,894,5,899,894,8803,2622372,21160,63,28,ним он вспоминал каждое слово
158,4,40,44,груди,грудь,n,16,3,66,61499,-,obl,ощущал,своей,pron,в,prep,часть тела,['10231-N'],3,1,2,1,642,349,991,642,29578,277382,11436263,62,40,на своей груди в своих
159,4,41,44,пламя,пламя,n,19,5,66,13689,local,obl,желание,как,conj,возгоралось,v,огонь,['140744-N'],2,1,1,1,227,0,227,227,6777,2494730,9,55,51,желание как пламя возгоралось в
160,4,42,44,любил,любить,v,18,5,66,211585,global,ROOT,любил,Он,pron,ее,pron,глаголы выражения эмотивного состояния,['117722-V'],5,0,4,0,5076,1262,6338,5076,38153,2622372,930574,60,43,нем Он любил ее призывал
161,4,43,44,любим,любить,v,15,9,66,211585,global,acl,мысли,был,v,и,conj,глаголы выражения эмотивного состояния,['117722-V'],5,1,4,1,202,365,567,365,4444,883146,15068944,18,20,он был любим и что
162,4,44,44,печаль,печаль,n,10,4,66,11330,local,nsubj,охватывала,неодолимая,adj,и,conj,чувства и эмоции,['106661-N'],1,1,1,1,3,574,577,574,4632,218,15068944,62,55,глубокая неодолимая печаль и беспредельная
163,5,1,37,глазах,глаз,n,41,0,47,379669,local,nmod,Виниция,в,prep,и,conj,Часть тела,['106917-N'],1,1,1,1,19091,1781,20872,19091,45644,11436263,15068944,47,47,потемнело в глазах и лоб
164,5,2,37,испариной,испарина,n,30,0,47,1170,local,obl,покрылся,покрылся,v,Из,prep,Телесные жидкости,['110873-N'],0,0,0,0,35,1,36,35,315,677,1655122,47,47,лоб покрылся испариной Из рук
165,5,3,37,вырвать,вырвать,v,5,0,47,9393,local,csubj,можно,бы,part,но,conj,Глаголы воздействия на объект,['130336-V'],1,1,1,1,45,8,53,45,2250,984068,2141006,47,47,было бы вырвать но не
166,5,4,37,жизни,жизнь,n,44,1,47,552534,local,obl,впервые,в,prep,понял,v,жизнь,['114189-N'],1,1,1,1,38897,27,38924,38897,298294,11436263,61326,46,44,впервые в жизни понял что
167,5,5,37,полюбил,полюбить,v,0,0,47,14989,-,csubj,ясно,ее,pron,Подобно,prep,глаголы выражения эмотивного состояния,['117722-V'],5,1,4,1,88,0,88,88,4252,930574,19510,47,47,он ее полюбил Подобно тому
168,5,6,37,памяти,память,n,4,0,47,69229,local,obl,проносится,в,prep,утопающего,v,интеллект,['106805-N'],2,1,2,1,9542,0,9542,9542,34913,11436263,186,47,17,как в памяти утопающего молниеносно
169,5,7,37,жизнь,жизнь,n,46,0,47,552534,local,nsubj,проносится,вся,pron,его,pron,жизнь,['114189-N'],1,1,1,1,3486,2094,5580,3486,223441,102178,2008842,47,46,проносится вся жизнь его так
170,5,8,37,слово,слово,n,41,0,47,445107,local,obj,слышал,ее,pron,Видел,v,речь,['107257-N'],2,1,2,1,252,4,256,252,93724,930574,91026,47,41,каждое ее слово Видел у
171,5,9,37,фонтана,фонтан,n,4,5,47,6600,local,obl,Видел,у,prep,видел,v,место в пространстве,['109265-N'],1,1,1,1,283,0,283,283,1375,1632961,91026,28,18,Видел у фонтана видел в
172,5,10,37,желанной,желанный,adj,6,2,47,5560,global,conj,прекрасной,прекрасной,adj,нежной,adj,глаголы выражения эмотивного состояния,['125682-A'],1,1,0,0,1,0,1,1,773,6765,2835,46,14,более прекрасной желанной нежной во
173,5,11,37,небожителей,небожитель,n,3,7,47,458,global,conj,смертных,всех,pron,И,conj,Бог,[],4,1,4,1,2,4,6,4,150,322445,15068944,23,27,и всех небожителей И когда
174,5,12,37,подумал,подумать,v,6,3,47,108205,local,advcl,содрогнулся,он,pron,что,conj,глаголы интеллектуальной деятельности,['106467-V'],3,1,3,1,2302,7940,10242,7940,48162,2622372,4480095,43,41,когда он подумал что всем
175,5,13,37,кровью,кровь,n,4,6,47,76948,global,obl,ставшим,его,pron,его,pron,часть тела,['8243-N'],1,1,1,1,117,49,166,117,13388,2008842,2008842,38,8,ставшим его кровью его -
176,5,14,37,жизнью,жизнь,n,11,7,47,552534,local,conj,кровью,его,pron,возможно,adv,жизнь,['114189-N'],1,1,1,1,344,1,345,344,26579,2008842,60452,35,11,- его жизнью возможно завладел
177,5,15,37,мучительной,мучительный,adj,3,1,47,11151,local,amod,боли,такой,pron,что,conj,эмотивная характеристика,['119267-A'],1,1,1,1,36,2,38,36,1495,209818,4480095,40,15,боли такой мучительной что он
178,5,16,37,стены,стена,n,39,3,47,108709,local,obl,биться,о,prep,атрия,n,часть сооружения,['107085-N'],2,1,2,1,175,1,176,175,32238,1431882,6,44,39,головою о стены атрия пока
179,5,17,37,жить,жить,v,34,2,47,306371,local,xcomp,сможет,сможет,v,если,conj,глаголы бытия,['114189-V'],1,1,1,1,74,343,417,343,86506,11171,672559,45,38,не сможет жить если не
180,5,18,37,умереть,умереть,v,12,3,47,84102,local,xcomp,может,может,v,пока,conj,глаголы бытия,['111612-V'],1,1,1,1,343,17,360,343,12452,492509,179608,44,37,не может умереть пока не
181,5,19,37,утешение,утешение,n,3,1,47,8043,local,obj,доставляла,некоторое,pron,И,conj,чувства и эмоции,['132228-N'],1,1,1,1,36,280,316,280,3710,24861,15068944,46,46,ему некоторое утешение И зачерпнув
182,5,20,37,горшков,горшок,n,24,2,47,6675,local,nmod,земли,цветочных,adj,окружавших,v,место для посадки цветов,['125514-N'],2,1,2,1,34,0,34,34,920,473,1003,45,44,из цветочных горшков окружавших имплувий
183,5,21,37,домашним,домашний,adj,5,7,47,27168,local,amod,ларам,своим,pron,ларам,n,семья,['154697-A'],0,0,0,0,110,1,111,110,2277,135420,1,20,11,и своим домашним ларам что
184,5,22,37,жить,жить,v,40,1,47,306371,local,csubj,было,чего,pron,чем,pron,глаголы бытия,['114189-V'],2,1,2,1,129,124,253,129,86506,181857,412074,43,41,для чего жить чем заполнить
185,5,23,37,ночи,ночь,n,38,1,47,198300,local,conj,дни,и,conj,,,время,['106735-N'],1,1,1,1,1885,47624,49509,47624,47624,15068944,0,45,41,дни и ночи - от
186,5,24,37,Отказавшись,отказаться,v,10,7,47,43199,local,advcl,приказал,,,от,prep,глаголы речевой деятельности,['128181-V'],3,1,2,1,1300,867,2167,1300,1300,0,1447167,27,10,и - Отказавшись от мысли
187,5,25,37,приказал,приказать,v,6,7,47,43586,local,ROOT,приказал,Виниций,n,нести,v,глаголы речевой деятельности,['125550-V'],5,0,4,0,0,18,18,18,20548,1,5770,32,19,Авла Виниций приказал нести себя
188,5,26,37,дороге,дорога,n,13,7,47,172197,global,obl,рассуждал,по,prep,или,conj,"Пространство, имеющее направление",['183-N'],1,1,1,1,18312,126,18438,18312,44314,2168560,850981,31,21,он по дороге или захотят
189,5,27,37,оружия,оружие,n,33,6,47,40218,local,nsubj,нет,нем,pron,это,pron,Оружие,['784-N'],0,0,0,0,2,29,31,29,13324,147087,1909233,41,37,при нем оружия это будет
190,5,28,37,Оружия,оружие,n,30,6,47,40218,global,obj,взял,император,n,он,pron,Оружие,['784-N'],0,0,0,0,0,47,47,47,13324,13834,2622372,38,36,похитил император Оружия он впрочем
191,5,29,37,мыслью,мысль,n,26,4,47,185197,local,obl,поглощенными,одной,num,в,prep,Суждение,['106469-N'],2,1,2,1,196,192,388,196,8690,146058,11436263,43,39,поглощенными одной мыслью в том
192,5,30,37,встретиться,встретиться,v,6,5,47,31558,global,xcomp,наметил,наметил,v,с,prep,встреча,['119037-V'],1,1,1,1,0,2859,2859,2859,7646,1022,4342653,25,21,всего наметил встретиться с Актой
193,5,31,37,правду,правда,n,12,8,47,156298,local,obj,узнать,узнать,v,Временами,adv,правда,[],0,0,0,0,116,0,116,116,22907,31237,5131,29,13,нее узнать правду Временами у
194,5,32,37,надежда,надежда,n,20,4,47,70518,local,nsubj,вспыхивала,вспыхивала,v,увидеть,v,чувства и эмоции,['107145-N'],1,1,1,1,2,30,32,30,20910,485,23759,43,32,него вспыхивала надежда увидеть во
195,5,33,37,мысли,мысль,n,43,3,47,185197,local,obl,кидало,этой,pron,его,pron,суждение,['106469-N'],2,1,2,1,2090,977,3067,2090,76689,256199,2008842,44,43,от этой мысли его кидало
196,5,34,37,возвратит,возвратить,v,3,3,47,8711,local,conj,похитил,ее,pron,Но,conj,глаголы передачи объекта,['116543-V'],4,1,3,1,2,1,3,2,299,930574,2141006,44,14,же ее возвратит Но это
197,5,35,37,предположение,предположение,n,21,4,47,15085,local,obj,отверг,это,pron,Виниций,n,суждение,['115288-N'],2,1,2,1,678,0,678,678,5880,1909233,1,41,28,Но это предположение Виниций сразу
198,5,36,37,вчера,вчера,adv,5,1,47,85497,local,advmod,сделали,это,pron,Одна,num,время,[],0,0,0,0,162,37,199,162,85488,1909233,130417,37,45,бы это вчера Одна только
199,5,37,37,повидать,повидать,v,2,2,47,3827,local,csubj,надо,надо,v,раньше,adv,глаголы социальных взаимоотношений,['119037-V'],2,1,2,1,29,0,29,29,2302,328295,73973,44,14,ее надо повидать раньше чем
200,6,1,35,лицу,лицо,n,27,1,47,358489,local,obl,провел,по,prep,как,conj,часть тела,['107733-N'],1,1,1,1,6013,157,6170,6013,19908,2168560,2494730,46,43,рукою по лицу как человек
201,6,2,35,вечер,вечер,n,10,1,47,196952,local,ccomp,увидел,Патриарших,adj,Вода,n,Время,['106737-N'],4,1,3,1,1,3,4,3,47764,350,38077,40,14,на Патриарших вечер Вода в
202,6,3,35,почернела,почернеть,v,11,3,47,2858,global,ROOT,почернела,пруде,n,и,conj,цвет,['110426-V'],5,0,4,0,1,44,45,44,230,333,15068944,24,15,в пруде почернела и легкая
203,6,4,35,весла,весло,n,22,0,47,5535,local,nmod,плеск,плеск,n,и,conj,Часть лодки,['108801-N'],1,1,1,1,14,398,412,398,2313,943,15068944,47,22,слышался плеск весла и смешки
204,6,5,35,гражданки,гражданка,n,6,0,47,2105,global,nmod,смешки,какой-то,pron,в,prep,Человек,['1310-N'],1,1,1,1,2,13,15,13,389,80546,11436263,46,39,смешки какой-то гражданки в лодочке
205,6,6,35,скамейках,скамейка,n,14,2,47,11029,local,nmod,аллеях,на,prep,появилась,v,Предметы в парке,['117634-N'],1,1,1,1,439,1,440,439,658,5973296,17506,39,14,аллеях на скамейках появилась -
206,6,7,35,публика,публика,n,13,2,47,39167,global,nsubj,появилась,появилась,v,но,conj,Наименования групп лиц,['128453-N'],0,0,0,0,1,47,48,47,13231,17506,2141006,43,18,- появилась публика но опять-таки
207,6,8,35,квадрата,квадрат,n,11,3,47,5601,local,nmod,сторонах,сторонах,n,кроме,prep,Фигура,['151491-N'],0,0,0,0,1,1,2,1,768,789,131963,40,11,трех сторонах квадрата кроме той
208,6,9,35,луна,луна,n,39,1,47,23899,local,nsubj,видна,полная,adj,но,conj,Небесные объекты,['9342-N'],1,1,1,1,436,28,464,436,8784,12685,2141006,46,40,высоте полная луна но еще
209,6,10,35,золотая,золотой,adj,10,1,47,55133,local,amod,луна,не,part,а,conj,Цвет,['109493-A'],4,1,3,1,42,29,71,42,4848,6808764,3055375,45,46,еще не золотая а белая
210,6,11,35,заметил,заметить,v,28,1,47,114453,local,ROOT,заметил,не,part,что,conj,Глаголы созерцания,['117371-V'],7,0,6,0,7684,9935,17619,9935,47119,6808764,4480095,46,31,я не заметил что он
211,6,12,35,рассказ,рассказ,n,15,2,47,66690,global,obj,сплести,целый,adj,подумал,v,Речь,['107658-N'],5,1,2,1,27,3,30,27,23932,36264,48162,45,18,сплести целый рассказ подумал Бездомный
212,6,13,35,вечер,вечер,n,19,3,47,196952,global,parataxis,сплести,и,conj,А,conj,время,['106737-N'],2,1,2,1,727,375,1102,727,47764,15068944,3055375,36,30,уже и вечер А может
213,6,14,35,рассказывал,рассказывать,v,12,3,47,95278,global,ROOT,рассказывал,он,pron,а,conj,Глаголы речевой деятельности,['106887-V'],7,0,6,0,2361,159,2520,2361,27196,2622372,3055375,33,15,не он рассказывал а просто
214,6,15,35,рассказывал,рассказывать,v,12,3,47,95278,global,ccomp,полагать,все-таки,adv,профессор,n,Глаголы речевой деятельности,['106887-V'],5,1,4,1,3,6,9,6,27196,95774,22597,20,13,что все-таки рассказывал профессор иначе
215,6,16,35,лицо,лицо,n,27,3,47,358489,local,obl,всматриваясь,в,prep,иностранца,n,часть тела,['107733-N'],2,1,2,1,14886,5,14891,14886,127292,11436263,1193,36,35,всматриваясь в лицо иностранца Ваш
216,6,17,35,рассказ,рассказ,n,19,1,47,66690,local,nsubj,интересен,Ваш,pron,чрезвычайно,adv,речь,['107658-N'],1,1,1,1,174,3,177,174,23932,35409,28093,46,28,иностранца Ваш рассказ чрезвычайно интересен
217,6,18,35,рассказами,рассказ,n,13,2,47,66690,local,obl,совпадает,евангельскими,adj,Помилуйте,v,Текст,['107658-N'],2,1,2,1,3,0,3,3,2071,84,5119,45,40,с евангельскими рассказами Помилуйте снисходительно
218,6,19,35,отозвался,отозваться,v,8,3,47,14869,local,ROOT,отозвался,усмехнувшись,v,профессор,n,Глаголы речевой деятельности,['113255-V'],3,1,1,1,2,14,16,14,9416,1005,22597,43,42,снисходительно усмехнувшись отозвался профессор уж
219,6,20,35,написано,написать,v,27,3,47,144629,local,acl,того,что,pron,в,prep,Глаголы письма,['107009-V'],3,1,2,1,916,1346,2262,1346,18376,4480095,11436263,8,33,того что написано в евангелиях
220,6,21,35,источник,источник,n,16,5,47,40923,local,obl,ссылаться,исторический,adj,он,pron,Текст,['106537-N'],7,1,3,1,49,14,63,49,10640,6237,2622372,42,33,на исторический источник он еще
221,6,22,35,осекся,осечься,v,8,3,47,1092,global,conj,усмехнулся,Берлиоз,n,потому,conj,Глаголы прекращения движения,['116936-V'],4,1,3,1,1,15,16,15,822,220,308686,43,12,и Берлиоз осекся потому что
222,6,23,35,идя,идти,v,17,5,47,415623,local,advcl,говорил,Бездомному,adj,с,prep,глаголы движения,['107470-V'],3,1,2,1,1,212,213,212,4407,71,4342653,39,36,говорил Бездомному идя с тем
223,6,24,35,подтвердить,подтвердить,v,15,4,47,19762,global,xcomp,может,может,v,что,conj,Глаголы речевой деятельности,['137465-V'],1,1,1,1,155,292,447,292,2609,492509,4480095,40,31,не может подтвердить что и
224,6,25,35,рассказывали,рассказывать,v,14,4,47,95278,global,acl,то,нам,pron,происходило,v,Глаголы речевой деятельности,['106887-V'],5,1,4,1,133,1,134,133,8230,267769,14062,43,39,вы нам рассказывали происходило на
225,6,26,35,подтвердить,подтвердить,v,14,2,47,19762,local,xcomp,может,кто,pron,начиная,v,Глаголы речевой деятельности,['137465-V'],3,1,2,1,1,1,2,1,2609,307753,15986,23,16,может кто подтвердить начиная говорить
226,6,27,35,ломаным,ломаный,adj,12,5,47,1530,global,amod,языком,говорить,v,языком,n,особенности выговора,['153078-A'],0,0,0,0,3,38,41,38,177,107098,14875,33,33,начиная говорить ломаным языком чрезвычайно
227,6,28,35,поманил,поманить,v,9,3,47,1478,local,conj,ответил,таинственно,adv,обоих,num,глаголы воздействия на объект,['115855-V'],4,1,4,1,11,2,13,11,812,3149,18057,44,29,неожиданно таинственно поманил обоих приятелей
228,6,29,35,наклонились,наклониться,v,13,3,47,8512,local,ROOT,наклонились,Те,pron,к,prep,Глаголы движения тела,['111066-V'],7,0,6,0,1,33,34,33,204,130397,2226472,42,23,поближе Те наклонились к нему
229,6,30,35,появлялся,появляться,v,38,4,47,36676,local,conj,пропадал,то,conj,Дело,n,глаголы изменения состояния,['106477-V'],4,1,2,1,59,0,59,59,3706,1442473,252612,43,41,пропадал то появлялся Дело в
230,6,31,35,заговорил,заговорить,v,15,2,47,34053,local,conj,оглянулся,и,conj,шепотом,n,Глаголы речевой деятельности,['107094-V'],3,1,3,1,1364,26,1390,1364,16249,15068944,11760,44,41,оглянулся и заговорил шепотом что
231,6,32,35,присутствовал,присутствовать,v,34,3,47,34345,local,acl,том,лично,adv,при,prep,глаголы бытия,['106922-V'],6,1,4,1,40,688,728,688,7399,29306,582132,41,37,я лично присутствовал при всем
232,6,33,35,балконе,балкон,n,15,4,47,11539,global,obl,был,на,prep,был,v,место в пространстве,['107220-N'],1,1,1,1,2631,6,2637,2631,2978,5973296,883146,40,17,И на балконе был у
233,6,34,35,тайно,тайно,adv,15,4,47,6316,global,advmod,был,только,part,инкогнито,adv,Тайна,[],3,1,2,1,25,2,27,25,6341,1046274,891,34,19,но только тайно инкогнито так
234,6,35,35,секрет,секрет,n,23,9,47,14434,global,conj,слова,полный,adj,Тсс,intj,секрет,['2438-N'],4,1,2,1,1,0,1,1,6451,18461,530,32,30,и полный секрет Тсс -